source,keyword,title,company,link,responsibilities
사람인,IT,[KFC] 체험형인턴 채용 (운영전략/IT),(주)케이에프씨코리아,https://www.saramin.co.kr/zf_user/jobs/relay/view?view_type=search&rec_idx=51831145&location=ts&searchword=IT&searchType=search&paid_fl=n&search_uuid=bf5b0905-5210-44ee-bdff-57e7aa1aec20,"직영운영전략팀 내 업무 지원
데이터 관리
매장 지원 업무 제반
팀 프로젝트 업무"
사람인,IT,정보전략팀 IT 전산인프라(서버·네트워크) 운영 유지보수 채용,(주)휴먼코아,https://www.saramin.co.kr/zf_user/jobs/relay/view?view_type=search&rec_idx=51852909&location=ts&searchword=IT&searchType=search&paid_fl=n&search_uuid=bf5b0905-5210-44ee-bdff-57e7aa1aec20,"전산인프라 운영및 유지보수  서버/ 네트웍 유지관리  전산시스템, 전산센터(IDC) 구성및 운영  IPT 시스템(콜시스템) 구축 및 운영  보안시스템 /기타 솔루션 구성 및 운영  기타 전산관련 업무 정보전략팀 부서 소속으로 함께할 예정이에요."
사람인,IT,일반관리/IT개발 각 부문 채용,한국정보통신(주),https://www.saramin.co.kr/zf_user/jobs/relay/view?view_type=search&rec_idx=51817403&location=ts&searchword=IT&searchType=search&paid_fl=n&search_uuid=bf5b0905-5210-44ee-bdff-57e7aa1aec20,"모집 부문 및 인원,

자격요건

모집부문 구 분	세부 내용	인원
일반 관리	신 입 온라인 마케팅/서비스 기획	부문 별 0 명
경 력 서비스 기획 및 운영(간편결제/포인트)
IT	신 입 VAN 정보시스템 프로그램 개발
자격 요건

모집부문 담당업무

자격요건 및

우대사항 인원
온라인
마케팅/서비스 기획
(신입) 온라인 마케팅 기획/추진
자사 랜딩페이지 운영 및
고도화/현행화
블로그 마케팅, 바이럴 마케팅,
홍보 PR 등 관련 업무 지원
자사 솔루션 및 서비스 기획 상경계열 졸업자(우대)
온라인 마케팅 경험자
(경선/공모전 등)(우대)	0 명
서비스 기획 및
운영
(간편결제/포인트) 간편결제사 및 포인트사
신규 수용 및 계약
기존 제휴사 관련 운영 및 사업관리
국내 핀테크 및 플랫폼사와
신규 서비스 제휴 및 기획
결제 원천사 및 대외 기관과 업무 협희
자사 포인트 가맹점 관리 및 운영 VAN, PG, 간편결제 관련 경력 3 년 이상
신규 서비스 제안 및 기획 경험자(우대)
서비스 플로우에 대한 이해가 높은 자(우대)
협업 및 커뮤니케이션 능력이
우수한 자(우대)
대형가맹점, 브랜드 운영관리 경험자(우대)	0 명
VAN
정보시스템
프로그램 개발
(신입)
VAN 정보시스템 유지보수 및
개발 업무 전산 관련학과 졸업자(우대)
IT 관련 자격증(정보처리기사 등)
보유자(우대)
C, Java, Oracle 개발 가능자(우대)
Unix/Linux, HTML5 등 이해도
높은자(우대)	0 명
공통 자격 요건 대졸(4 년제) 이상(2026 년 2 월 졸업 예정자 포함)
해외여행에 결격 사유가 없는 자
우대 조건 각 모집 부문별 관련 학과(상경/컴퓨터, 정보통신 등) 전공자 우대
보훈대상자는 관계법령에 의거 우대
외국어(영어, 중국어, 일어) 능통자 우대
비흡연자 우대
채용 확정 이후라도 제출한 서류의 허위 기재, 위 변조 등이 밝혀지는 경우 입사 취소함
전형 방법
신입 지원자 : 채용전환형 인턴제도 운영
경력 지원자
단, 채용 시기 및 모집 분야별 상황 등을 고려하여 유연하게 운영
제출 서류
입사지원서 : 온라인 접수 바로가기
기타 서류는 서류전형 합격자에 한하여 면접 전형 시 제출
성적/졸업(예정)증명서, 각종 자격증 사본 등
불합격한 지원자의 서류는 요청이 있는 경우 반환해 드립니다.
접수 기간 및 방법
접수기간 : 2025 년 9 월 15 일(월) ~ 2025 년 9 월 28 일(일)
접수방법 : 당사 홈페이지(회사소개→채용)의 채용 공고에서 온라인 접수를 하시기 바랍니다.
문의처 : hwjung@kicc.co.kr, 02 368 0889
입사예정일
2025 년 11 월 3 일(예정, 채용 전형 일정에 따라 변동 가능)
입사지원 하기"
사람인,IT,"[연3,400-4,700+ l 복지多] IT 중견기업 임원비서 채용",(주)휴먼코아,https://www.saramin.co.kr/zf_user/jobs/relay/view?view_type=search&rec_idx=51802311&location=ts&searchword=IT&searchType=search&paid_fl=n&search_uuid=bf5b0905-5210-44ee-bdff-57e7aa1aec20,"임원 업무 전반 보좌 (스케쥴 관리 및 수명업무 수행)  대내외 커뮤니케이션 (내방객 응대, 의전 및 행사 지원등)  국내/해외 출장 관련 지원  법인카드 정산 및 기타 비용처리"
사람인,IT,"전산관리(IT인프라,자산) 경력",(주)신보,https://www.saramin.co.kr/zf_user/jobs/relay/view?view_type=search&rec_idx=51796203&location=ts&searchword=IT&searchType=search&paid_fl=n&search_uuid=bf5b0905-5210-44ee-bdff-57e7aa1aec20,"1. 서버 및 네트워크 관리
사내 서버 운영 및 유지보수 업무 (Linux, Windows, Synology Nas)
운영체제 관리, 백업, 보안패치 적용
네트워크 구성 및 보안 관리 (네트워크 방화벽, 메일 보안 및 스팸 필터링 등)
2. IT 자산 및 소프트웨어 관리
전산 자산 관리
소프트웨어 라이선스 설치 및 관리
3. IT 인프라 및 통신장비 관리
도메인 및 SSL 인증서 갱신, DNS 설정 관리
IP 폰 및 사내 전화 시스템 운영
4. 사용자 지원 및 헬프데스크
IT 헬프데스크 운영 및 장애 대응
신규 입사자 PC 셋팅 및 시스템 계정 발급
전산 매뉴얼 관리 및 사용자"
사람인,IT,엔지니어 및 IT 인프라 설계팀 신입 및 경력 모집,(주)리더스시스템즈,https://www.saramin.co.kr/zf_user/jobs/relay/view?view_type=search&rec_idx=51839897&location=ts&searchword=IT&searchType=search&paid_fl=n&search_uuid=bf5b0905-5210-44ee-bdff-57e7aa1aec20,"Partners
리더스시스템즈는 변화를 이끌어내고 성과를 이루기 위해 노력하는
다수의 조직 및 글로벌 리더들과 뜻을 같이하며 지속적인 동반 관계를 갖고 있습니다.
Growth Graph
리더스시스템즈는 AI 산업의 확대로 가파른 성장을 기록하며 하고 있으며
국내외 기업, 공공기관, 교육 및 연구시설과 협력하며 급속도로 다변화하는 산업 발전에 기여하고 있습니다.
리더스시스템즈는 이러한 성장력을 발판 삼아 자신의 커리어를 넓히고 성장할 기회를 찾는 뛰어난 인재를 기다립니다.
Conditions

근무조건 근무형태 : 정규직(수습기간 3 개월, 수습기간 중 수습평가 진행)
근무일시 : 주 5 일(월~금)
근무시간 : 09 시~18 시, 점심 12 시~13 시
근무지역 본사 경기 하남시 미사강변한강로 155 미사강변 SKV1 센터 504~513 호
대전지사 대전 서구 둔산대로 117 번길 66, 12 층(만년동)

전형절차 접수방법접수방법 : 채용사이트 입사지원
이력서 양식 : 자유양식
면접일정합격자 개별통보 및 면접일정 협의 가능
유의사항허위사실 발견 시 채용이 취소됩니다
Benefit
주 리더스시스템즈
경기 하남시 미사강변한강로 155 미사강변 SK V1 센터 504~513 호
메일문의 : hr@leaderssys.com"
사람인,IT,[의료IT 1위] 인사기획/채용 담당 모집,이지케어텍(주),https://www.saramin.co.kr/zf_user/jobs/relay/view?view_type=search&rec_idx=51624866&location=ts&searchword=IT&searchType=search&paid_fl=n&search_uuid=bf5b0905-5210-44ee-bdff-57e7aa1aec20,"인력/조직 기획 (조직 재편 및 HR 지표 체계화 등)
채용 전략 수립 및 운영 (직군별 채용전략 수립, 채용 채널 운영 및 채용 진행)
HR 데이터 분석 및 컴플라이언스 업무 (채용 퍼널 채널 ROI TA 대시보드 운영, 개선 과제 도출)
개발본부/사업본부/경영지원 등 이해 관계자와의 TA 파트너십 구축"
사람인,IT,IT 기획&운영 직무 직원채용(경력),에셋플러스자산운용(주),https://www.saramin.co.kr/zf_user/jobs/relay/view?view_type=search&rec_idx=51830164&location=ts&searchword=IT&searchType=search&paid_fl=n&search_uuid=bf5b0905-5210-44ee-bdff-57e7aa1aec20,")
모집분야
수행업무
지원요건(및"
사람인,IT,"IT전략팀(인프라 파트, 웹개발자, 개발자) 신입/경력 채용",(주)태웅로직스,https://www.saramin.co.kr/zf_user/jobs/relay/view?view_type=search&rec_idx=51681352&location=ts&searchword=IT&searchType=search&paid_fl=n&search_uuid=bf5b0905-5210-44ee-bdff-57e7aa1aec20,
사람인,IT,전산팀(IT) 과/차장급 경력직 채용 [코스닥 상장사],(주)케어젠,https://www.saramin.co.kr/zf_user/jobs/relay/view?view_type=search&rec_idx=51854056&location=ts&searchword=IT&searchType=search&paid_fl=n&search_uuid=bf5b0905-5210-44ee-bdff-57e7aa1aec20,"전사 IT 시스템 기획 / 관리 / 운영 / 개선  관리적 보안 ① 정보보안 관리체계 수립 및 운영   정책 / 규정 / 지침 등 법 개정 및 제도 개선에 따른 체계 수립 ② 정보보안 교육 및 점검   교육계획 수립 및 악성메일 모의훈련 수행 등 ③ 대내외 정보보안 감사 대응 ④ 정보보안 정책 기획 및 적용   기술적 보안 ① 신기술 도입에 따른 보안 리스크 과제 도출 및 해결과제 수립   사전 보안성 검토, 취약점 점검 등 ② 전사 시스템 주기적 보안 취약점 진단을 통한 침해사고 대응방안 수립 ③ 보안시스템 운영   UTM, DLP, 백신, 불법 소프트웨어 사용 방지 등 ④ 사내 정보, 데이터 유출에 대한 제어 / 모니터링   물리적 보안 ① 세콤 출입통제 및 CCTV 관리   전산관리 ① 서버, 스토리지, 네트워크 장비 유지보수 ② 하드웨어, 소프트웨어 자산 관리 ③ EPR, 그룹웨어 등 계정 관리 ④ EndPoint HelpDesk 경영본부 전산팀 부서 소속, 과장/차장 직급으로 함께할 예정이에요."
사람인,IT,[판교 / 중견 IT기업] IT 전산자산 관리 모집,(주)코리아인,https://www.saramin.co.kr/zf_user/jobs/relay/view?view_type=search&rec_idx=51591059&location=ts&searchword=IT&searchType=search&paid_fl=n&search_uuid=bf5b0905-5210-44ee-bdff-57e7aa1aec20,"신규 입.퇴사자 IT 환경 세팅  HW.SW 및 IT 자산관리(windows, MacOS 업무기기, M365 등) Atlassian 제품군 운영 (Jira / Confluence) 유.무선 네트워크 접속 문제 해결  자격 및"
사람인,IT,(주)네패스 IT 담당자 부문별 신입/경력 채용,(주)네패스,https://www.saramin.co.kr/zf_user/jobs/relay/view?view_type=search&rec_idx=51580042&location=ts&searchword=IT&searchType=search&paid_fl=n&search_uuid=bf5b0905-5210-44ee-bdff-57e7aa1aec20,"모니터링시스템 개발시스템 제어 GUI 개발 AI 머신비전기반의 불량검출 응용 개발 ㅣ

모집부문 및 상세내용"
사람인,IT,"한온시스템(주) IT Architect - Cloud, Data & AI",한온시스템(주),https://www.saramin.co.kr/zf_user/jobs/relay/view?view_type=search&rec_idx=51852509&location=ts&searchword=IT&searchType=search&paid_fl=n&search_uuid=bf5b0905-5210-44ee-bdff-57e7aa1aec20,"엔터프라이즈 애플리케이션 아키텍처 개발/유지관리 업무  클라우드 전환 주도, 데이터 플랫폼 및 AI 솔루션 아키텍처 설계 관리  이해관계자와의 협업을 통한 비즈니스 성과 도출 디지털인프라파이넌스팀 부서 소속으로 함께할 예정이에요."
사람인,IT,해운대 중견기업 IT시스템 관리자 채용(파견),(주)맨파워코리아,https://www.saramin.co.kr/zf_user/jobs/relay/view?view_type=search&rec_idx=51833138&location=ts&searchword=IT&searchType=search&paid_fl=n&search_uuid=bf5b0905-5210-44ee-bdff-57e7aa1aec20,"<회사 소개
ManpowerGroup 은 1948 년 미국 위스콘신주 밀워키시에 설립되어, 전 세계 80 여 개국에서 3,100 개 이상의 지점을
운영하며 40 만 개 이상의 기업에 340 만 명 이상의 전문 인력을 제공하는 글로벌 Total HR Solution 기업입니다.
맨파워코리아는 20 년 이상의 노하우를 가진 대한민국의 HR 업계 리더로서 우수한 글로벌 시스템을대한민국에 도입하였습니다.
헤드헌팅, 채용 대행, 파견, 아웃소싱, 아웃플레이스먼트, HR 컨설팅 등 종합 HR 컨설팅 서비스를 제공하고 있는 맨파워코리아는
유수의 다국적 기업과 국내 대기업을 중심으로 약 900 여개의 고객사와 함께하고 있습니다.
현재 서울을 비롯하여 부산, 수원, 이천, 대전, 광주, 전북, 충남, 대구, 경남 등 10 개의 지사 및 사무소를 통해
전국적인 영업망을 구축하고 있으며, 해외 맨파워 지사들 간의 활발한 업무 네트워킹을 기반으로 최상의 서비스를 제공합니다.
해운대 중견기업
IT 시스템 관리자 채용(파견직)

모집부문 

모집부문 담당업무

자격요건 및

우대사항 모집인원
IT Support
Engineer
데스크톱 및 Active Directory 계정/권한 관리
PC 프린터 등 하드웨어 지원 및 유지보수
소프트웨어 라이선스 관리 및 정기 업데이트
LAN 네트워크 점검 및 장애 대응
서버실 운영 관리 및 IT 보안/안전 준수
지원자격/

우대사항 IT 또는 관련 분야 전문학사 이상
IT 지원 관련 1~2 년 경력 우대
Microsoft Azure 및 네트워킹 지식
Microsoft 365(Teams 포함) 활용 가능
Power Automate, Power Apps, Power BI 경험자 우대
기본 영어 독해 작문 가능자
1 명

근무조건 근무형태 : 파견직  12 개월, 근무평가 및 회사사정에 따른 연장 가능
근무일시 : 주 5 일(월~금) / 09:00 ~ 18:00(휴게시간 1 시간)
급여조건 : 경력에 따른 협의 가능
근무지역 : 부산 해운대구 세실로 39, 새삶빌딩
채용은 이렇게 진행합니다!
서류전형 면접전형
최종합격
접수기간 및 방법
접수기간 :~ 채용즉시 마감예정
온라인지원 : 사람인 온라인 지원, 이메일 지원(ellie.jo@manpower.co.kr)
이력서양식 : 첨부 된 입사지원서 양식 작성 必(파일명 : IT_홍길동)
기타 유의사항
입사지원 서류에 허위사실이 발견될 경우, 채용확정 이후라도 채용이 취소될 수 있습니다.
담당자 연락처 : 맨파워코리아 부산지사 조소현 (051 624 1990 / 010 6789 9130)"
사람인,IT,[경력별협의/전환 가능성] 헬로라이브 총무/IT인프라 직원 채용,(주)엠제이플렉스,https://www.saramin.co.kr/zf_user/jobs/relay/view?view_type=search&rec_idx=51834219&location=ts&searchword=IT&searchType=search&paid_fl=n&search_uuid=bf5b0905-5210-44ee-bdff-57e7aa1aec20,"IT 자산 구매와 관리 (PC, NAS, 이메일, SW, 영상 및 무선통신기기)  일반 총무 업무  사옥 관리"
사람인,IT,[중견IT기업] 2025년 신입 및 경력 공개 채용,(주)진인프라,https://www.saramin.co.kr/zf_user/jobs/relay/view?view_type=search&rec_idx=51640076&location=ts&searchword=IT&searchType=search&paid_fl=n&search_uuid=bf5b0905-5210-44ee-bdff-57e7aa1aec20,"모집부문 및

자격요건

모집부문 담당업무

자격요건 근무지역
사외채널관리
및 IT 컨설팅
(신입/경력)
네트워크, 보안, 솔루션 등 IT 사업모델 기술컨설팅
IT 사업 비즈니스 모델 정책 수립
IT 사업 사외채널 관리
사외 유통채널 관리 및 영업
상품정책 수립 및 IT 솔루션 현장 교육
IT 사업 기술컨설팅 경험자
운전 가능한 자 필수
신입 : 컴퓨터, 정보통신공학 등 관련학과 전공자 혹은 관련
교육과정 수료자
경력 : 2 년이상 ~ 10 년 이하
본사
클라우드 사업
컨설팅 및 제안
(경력)
ㅇ 클라우드 사업 컨설팅 및 제안 수행
ㅇ 클라우드 프로젝트 PM/PL/PMO 역할 수행
ㅇ 프로젝트 관리, 견적서 작성 및 산출물 문서 작성
ㅇ 공공 클라우드 시장 및 클라우드 컴퓨팅 서비스, AI 사업 컨설 팅 가능자
ㅇ 클라우드/SI 프로젝트 PM/PL/PMO 경험자
ㅇ 클라우드 컨설팅, 전환, 운영, 사업관리(정산 포함) 등 즉시 투입 가능자
ㅇ MS Azure 및 국내 클라우드 자격증 보유자 우대
ㅇ 프로젝트 수행 시 상주 근무 및 출장 가능자
ㅇ 경력 : 5 년 이상 ~ 10 년 이하
본사
네트워크
필드 엔지니어
(신입)
ㅇ 네트워크 설계, 구축, 유지보수
ㅇ 네트워크 기술지원 및 컨설팅
ㅇ 시내/시외 운전 가능자
ㅇ 책임감 있고 긍정적인 태도를 지닌 분
ㅇ 네트워크에 대한 관심과 열정이 있는 분
ㅇ 유연한 사고를 통한 문제 해결 능력이 뛰어난 분
ㅇ 네트워크 및 보안 관련 자격증 보유자 우대
(CCNA, CCNP, CCIE, 정보처리기사, 정보보안기사 등)
ㅇ MS Excel 및 PowerPoint 문서 작성 능력 우수자 우대
ㅇ 신입 : 관련 교육과정 이수자 또는 관련학과 전공자
본사
대전지사
보안
엔지니어
내근직
(신입/경력)
ㅇ 방화벽(VPN) 개통, 이전, 해지 업무 수행
ㅇ 고객사 VOC 접수 대응 및 이슈 처리 (설정/정책 변경, 장애 대응 등)
ㅇ 협력사 일정 관리 및 원격 지원
ㅇ 관련 행정 업무 및 문서 작성 (준공, 해지, 장비 현황 등)
ㅇ 꼼꼼하고 책임감 있으며 긍정적인 태도를 지닌 분
ㅇ 원활한 고객 응대 및 의사소통 능력을 갖춘 분
ㅇ 문제 해결 능력이 뛰어나고 유연한 사고를 가진 분
ㅇ 방화벽(VPN) 개통 및 운영 경험 보유자
ㅇ 보안 및 네트워크 관련 자격증 보유자 우대
(정보보안기사, 정보처리기사, CISA, CCNA 등)
ㅇ MS Excel 및 PowerPoint 문서 작성 능력 우수자 우대
ㅇ 경력: 1 년 이상
본사
IDC
(데이터센터)
설계 및 공사
관리
(신입/경력)
ㅇ 데이터센터 Fitㅇout 공사 설계 및 견적 작성
ㅇ 데이터센터 Fit out 공사 사업 관리
ㅇ 데이터센터 관련 통신 실내 공사 등 사업 발굴
ㅇ IT 솔루션 관련 업무 지원
ㅇ 다음 분야 산업기사 또는 기능사 자격증 소지자, 또는 건설기술 진흥법에 따른 초급 이상 건설 기술인 필수 : 전산응용건축제도, 건축, 실내건축, 건축도장, 건축목공, 용접, 건축제도, 유리시공
ㅇ 실내건축 설계 및 사업관리 경험자
ㅇ 적극적인 성격, 커뮤니케이션 역량 및 협상 능력 보유자
ㅇ 영어 의사소통 가능자 우대
ㅇ 경력 또는 신입 무관
본사
모바일
B2B
컨설팅
(신입/경력)
ㅇ KT 모바일 상품 컨설팅 및 제안
ㅇ 스마트폰 법인 모바일 상품 견적서 작성
ㅇ 모바일 관련 솔루션 제안서 작성
ㅇ B2B 사업 경력자 우대
ㅇ 엑셀 및 PowerPoint 사용 능숙자
ㅇ 성실하고 적극적인 성격의 신입 직원 가능
ㅇ 경력: 1 년 이상 ~ 10 년 이하
본사
웹 퍼블리셔
& 디자인
(경력)
ㅇ UI/UX 를 고려한 웹 애플리케이션 개발
ㅇ 웹표준 및 웹접근성을 준수한 반응형 웹페이지 개발
ㅇ JavaScript 및 프레임워크 React 활용
ㅇ 빌드 도구 및 버전 관리 시스템(Git, SVN) 활용
ㅇ 웹 퍼블리싱 및 UI/UX 디자인 역량 보유자
ㅇ 중 대형 프론트엔드 및 관리자 페이지 구축 경험
ㅇ 신규 제안 및 프로젝트 메인 디자인 수행 경험
ㅇ 디자인 툴(XD, Figma) 활용 가능자
ㅇ 웹/모바일 UI UX 전략 및 기획 경험자 우대
ㅇ API 연동을 통한 데이터 송수신 기능 구현 가능자 우대
ㅇ 경력: 1 년 ~ 5 년
ㅇ 포트폴리오 필수 제출
본사
공공 SI
사업관리
(경력)
ㅇ SW 개발 프로젝트(연구과제 포함) 사업관리 및 행정업무 지원
ㅇ 프로젝트 일정 공정 산출물 관리
ㅇ 영업 지원 및 외주업체 관리
ㅇ 프로젝트 관련 문서 작성
(제안서, 발표자료, 사업계획서, 보고서, 각종 관리문서 등)
ㅇ 사업계획 수립 및 사업성 분석
ㅇ 공공 SI 프로젝트 PM 경험 및 연구과제 수행 경험 보유자
ㅇ SW 개발 프로젝트 사업관리 경험자
ㅇ 사업 수행에 필요한 지식 및 관련 법규 이해 보유자
ㅇ 프로젝트 이해관계자 간 원활한 커뮤니케이션 능력 보유자
ㅇ SW 관련 영업 경험자 우대
ㅇ 경력: 8 년 이상
본사
기술컨설팅
및 제안수행
(신입/경력)
ㅇ 네트워크 보안 솔루션 등 NI/SI IT 사업 기술 컨설팅
ㅇ 제안서 작성, 사업 수행 및 PM/PL 역할 수행
ㅇ NI/SI 사업 기술컨설팅 경험자
ㅇ 사업수행 PM/PL 경험자
ㅇ 제안서 작성 및 프리젠테이션 역량 우수자
ㅇ 공공기관 경험자 및 엔지니어 우대
ㅇ 신입 : 관련 교육과정 이수자 또는 관련 학과 전공자
ㅇ 경력 : 2 년이상 ~ 20 년 이하	본사/
원주지사
클라우드
엔지니어
및 컨설팅
(경력)
ㅇ 클라우드사 기업 사업단 간 클라우드 기술 지원
ㅇ 가속기 활용 및 분석, GPU 서버 자원 할당 현황 관리
ㅇ 장애 발생 시 원인 분석 및 대응
ㅇ 유관기관 요청 자료 및 데이터 제공
ㅇ GPU 활용 AI 개발
ㅇ 정보시스템(DB, IT 시스템 등) 운영
ㅇ 클라우드 운영 관리
ㅇ NHN Cloud 모니터링 시스템 (ENKIA, NHN Console) 활용 경험자
ㅇ CSP 사 및 발주처와의 원활한 커뮤니케이션 역량 보유자
ㅇ 경력 : 5 년 이상
광주지사"
사람인,IT,[일본계] 한국닛또덴꼬-2025년도 IT 채용(계약직),한국닛또덴꼬(주),https://www.saramin.co.kr/zf_user/jobs/relay/view?view_type=search&rec_idx=51843768&location=ts&searchword=IT&searchType=search&paid_fl=n&search_uuid=bf5b0905-5210-44ee-bdff-57e7aa1aec20,"IT 직무(PC 유지보수)   : 사내 PC 및 주변기기 설치 , 유지보수, 장애 대응    : 소프트웨어 설치 및 업데이트 지원   : 네트워크 및 프린터 등 기본 인프라 관리   : IT 자산 관리 및 관련문서 정리 법무    : 계약서 검토 및 관리 지원"
사람인,IT,IT 기획 및 운영 채용,(주)씨엠티엑스,https://www.saramin.co.kr/zf_user/jobs/relay/view?view_type=search&rec_idx=51851391&location=ts&searchword=IT&searchType=search&paid_fl=n&search_uuid=bf5b0905-5210-44ee-bdff-57e7aa1aec20,"회사의 중장기 it 전략 수립 및 연간 운영계획 수립  IT 예산 편성 및 집행 관리  사내 정보시스템 (ERP, 그룹웨어, 네트워크 등) 운영 및 개선  IT 서비스 운영 및 헬프데스크 관리 (사용자 지원, 장비관리 등)  IT 프로젝트 기획 및 실행 (시스템 도입, 개선, 인프라 확장 등)  IT 자산 및 소프트웨어 라이선스 관리  정보보안 정책 수립 및 보안 인증 대응 (ISMS 등)  외부 IT 벤더 및 협력업체 관리  계약관리, 비용관리  내부 사용자 교육 및 커뮤니케이션 담당"
사람인,IT,[외국계] SEW KOREA IT팀 사원 모집(정규직),SEW유로드라이브코리아(주),https://www.saramin.co.kr/zf_user/jobs/relay/view?view_type=search&rec_idx=51856425&location=ts&searchword=IT&searchType=search&paid_fl=n&search_uuid=bf5b0905-5210-44ee-bdff-57e7aa1aec20,"외국계 IT 팀  정규직 사원 모집
독일 Bruchsal 에 본사를 둔 SEW EURODRIVE 는 1931 년 기어드모터 사업을 시작으로,
인버터 및 다양한 자동화 솔루션을 제공하는 자동화 산업의 중심에 있는 회사로서
전세계 기어드모터 시장 점유율 압도적 1 위를 차지하고 있습니다.
전 세계 52 개국에 17 개의 생산 공장과 85 개의 조립 공장을 가지고 있는 글로벌 기업이며
19,000 명 이상의 직원과 연 4.5 조원 이상의 매출을 기록하고 있습니다.
SEW 유로드라이브코리아(주)는 독일 본사에서 100% 지분을 갖고 있는 한국 지사로
안산과 시흥에 조립 공장을 가지고 있으며 주요 6 대 도시에서 영업 사무소를 운영 하고 있습니다.
또한, 직원과 복지에 많은 투자를 하면서 매년 성장해 나가고 있는 회사입니다.
도전과 집념으로 SEW 유로드라이브 코리아와 미래를 함께 할 유능하고 성실한 인재를 찾습니다.

모집부문 

모집부문 담당업무

자격요건 및

우대사항 근무지
ITC 팀 계약직
사원급
ITC(Information Technology Center)

주요업무 : IT 장비 및 시스템 관리
1) 노후화된 IT 장비의 체계적인 교체 및 최신 장비 도입을 통한 업무 환경 현대화
2) 전사 IT 장비 및 시스템의 24 시간 안정적 운영과 예방적 유지보수 수행
3) 확장 가능하고 안정적인 IT 인프라 설계, 구축 및 지속적 개선을 통한 최적의 업무 환경 제공
4) 보안 및 정보보호
5) 운영체제 보안 업데이트 및 최신 보안 패치의 신속한 적용으로 보안 위협 차단
6) SEW 글로벌 IT 표준화 정책 및 정보보호 가이드라인의 철저한 준수와 실행
7) 사내 보안 취약점 점검 및 보안 강화 방안 수립
8) 사용자 지원 및 업무 효율화
9) 전 임직원 대상 IT 관련 기술 지원 및 신속한 장애 해결 서비스 제공
10) IT 업무 프로세스 분석을 통한 효율성 개선 방안 발굴 및 실행
11) 글로벌 온라인 기술 지원 시 필요한 번역 및 커뮤니케이션 지원
12) 사무실 환경 관리
13) 신규 사무실 구축 또는 리모델링 경험/ IT 인프라 설계 및 설치 지원
14) 네트워크 구성, 전력 공급 시설, 통신 설비 등 IT 관련 시설 전반 관리

자격요건 (필수)
학력 : IT 관련 전공 초대졸 이상
경력 : 신입 IT 분야 실무 경력 3 년 이상
Windows,Windows server, los 등 멀티 플랫폼 환경에서의 시스템 운영 및 문제 해결 능력
네트워크(LAN/WAN, VPN 등)및 서버(Windows Server 등) 구축 및 운영에 대한 실무 지식
기술적 역량
하드웨어 및 소프트웨어 장애 진단과 신속한 문제 해결 능력
정보보안 기본 원칙 이해 및 회신 보안 동향에 대한 지속적 관심과 학습 의지
소프트 스킬
사용자 관점에서의 친절하고 효과적인 커뮤니케이션 능력
서비스 마인드를 바탕으로 한 적극적인 사용자 지원 자세
복합적 문제 상항에서의 논리적 분석 및 해결 능력
변화하는 IT 환경에 대한 능동적 대응 및 학습 태도
나이/성별 : 무관
해외 출장 결격 사유 없을 것
우대조건
정보처리기사 또는 네트워크관리사, 정보보안기사 등 IT 관련 국가기술자격 보유자
벤더 인증(Microsoft, Cisco, CompTIA 등) 보유자
글로벌 기업 근무 또는 다국적 환경에서의  IT 지원 및 협업 경험자
외국어(영어) 활용 능력
안산

근무조건 근무형태 : 정규직
수습기간 : 3 개월 (급여 100% 지급)
근무일시 : 주 5 일(월~금) 08:00~17:00
급       여 : 면접 후 책정
근무지역 : 경기도 안산시 단원구 당쟁이로 7

복리후생 지원금/보험
대학병원건강검진, 각종 경조사 지원, 단체 상해보험, 통신비 지원
선물
명절선물, 결혼기념일선물, 장기근속 선물
급여
퇴직연금, 상여금, 장기근속자 포상, 우수사원포상, 퇴직금, 성과급, 가족수당, 4 대 보험
교육/생활
우수사원시상식, 워크샵, 신입사원교육(OJT), 직무능력향상교육, 사내동호회 운영,
외국어 교육 지원, 교육비 지원, 자기계발비 지원, 구내식당(사원식당), 식대 지원
근무 환경
휴게실, 회의실, 노트북, 사원증, 사무용품 지급
조직문화
노조/노사협의회, 회식강요 안함, 야근강요 안함, 자유복장, 자유로운 연차사용
출퇴근
차량유류비지급, 주차장제공, 회사차량 있음
리프레시
연차, 여름휴가, 반차, 반반차, 기념일휴가, 창립일휴무, 근로자의 날 휴무, 육아휴직, 남성출산휴가

전형절차 제출서류
이력서, 자기소개서
관련서류 스캔하여 첨부
* 서류전형 시, 모든 증빙서류 필히 제출
* 이력서에 연락처 필히 기재
* 제출한 서류는 반환되지 않음
접수기간 및 방법
접수기간 : 채용시 마감
접수방법 : 사람인 온라인 입사지원
문의사항
담당자 : 임선경 책임(HR)
연락처 : 02 867 8052
유의사항
입사지원 서류에 허위사실이 발견될 경우, 채용확정 이후라도 채용이 취소될 수 있습니다.
홈페이지 바로가기"
사람인,IT,"[현대/기아 1차사, 중견기업] 자동차부품 IT팀 채용",카이스(주),https://www.saramin.co.kr/zf_user/jobs/relay/view?view_type=search&rec_idx=51733570&location=ts&searchword=IT&searchType=search&paid_fl=n&search_uuid=bf5b0905-5210-44ee-bdff-57e7aa1aec20,
사람인,IT,[풍산FNS] IT 담당자 채용,(주)풍산에프앤에스,https://www.saramin.co.kr/zf_user/jobs/relay/view?view_type=search&rec_idx=51771134&location=ts&searchword=IT&searchType=search&paid_fl=n&search_uuid=bf5b0905-5210-44ee-bdff-57e7aa1aec20,"직무내용 :     그룹웨어, ERP 등 전산 시스템 유지보수 및 사용자 지원     전사 IT 인프라(서버, 네트워크, 클라이언트 등) 운영 및 유지보수 필수사항 :     MS SQL 서버 관리 및 Query 사용 가능자     C# 프로그래밍 가능자(SAP Business One SDK 사용 가능자)"
사람인,IT,[물류/해외영업/경영지원/IT] 2025 하반기 HL그룹 신입사원 채용,에이치엘홀딩스(주),https://www.saramin.co.kr/zf_user/jobs/relay/view?view_type=search&rec_idx=51721562&location=ts&searchword=IT&searchType=search&paid_fl=n&search_uuid=bf5b0905-5210-44ee-bdff-57e7aa1aec20,
사람인,IT,2025년 KB증권 4급 신입직원 공개채용(IT),케이비증권(주),https://www.saramin.co.kr/zf_user/jobs/relay/view?view_type=search&rec_idx=51812600&location=ts&searchword=IT&searchType=search&paid_fl=n&search_uuid=bf5b0905-5210-44ee-bdff-57e7aa1aec20,"채용공고
우리와 함께할 전문가를 모집합니다
: IT
이런 분을 찾고 있어요
: 4 년제 대학(원)기졸업자 및 2026 년 2 월 졸업예정자 / 신입
근무 지역은 여기에요
: 여의도 본사
새로운 인재를 기다리고 있어요
: 00 명
마감 얼마 안 남았어요!
: 2025 09 25(목) 17:00 까지
상세 모집요강 및 접수방법은 홈페이지 지원 참조해 주세요
치열한 경쟁에서 인사담당자 눈에 띄는 전략 이력서 하이라이트 하러가기"
사람인,IT,2025년 현대해상 대졸 신입사원 채용(IT/정보보호),현대해상화재보험(주),https://www.saramin.co.kr/zf_user/jobs/relay/view?view_type=search&rec_idx=51826230&location=ts&searchword=IT&searchType=search&paid_fl=n&search_uuid=bf5b0905-5210-44ee-bdff-57e7aa1aec20,"채용공고
함께 일해봐요!
: IT/정보보호

자격요건 을 충족한다면 바로 지원하세요!
: 대학(학사) 졸업자 또는 2026 년 2 월 졸업예정자 / 신입
근무하실 지역이에요
: 서울(광화문)
새로운 인원 모집 중이에요
: 0 명
꼭! 기억해 주세요
: 2025 09 29(월) 18:00 까지
상세 모집요강 및 접수방법은 홈페이지 지원 참조해 주세요
치열한 경쟁에서 인사담당자 눈에 띄는 전략 이력서 하이라이트 하러가기"
사람인,IT,IT 기술지원/전산운영 엔지니어 모집 [수원],서울데이타통신(주),https://www.saramin.co.kr/zf_user/jobs/relay/view?view_type=search&rec_idx=51828229&location=ts&searchword=IT&searchType=search&paid_fl=n&search_uuid=bf5b0905-5210-44ee-bdff-57e7aa1aec20,사내 IT 시스템 유지보수  PC/NW 기술지원 및 장애처리  전산운영
사람인,IT,IT 인프라 유지보수 정규직 채용,정보와기술(주),https://www.saramin.co.kr/zf_user/jobs/relay/view?view_type=search&rec_idx=51835074&location=ts&searchword=IT&searchType=search&paid_fl=n&search_uuid=bf5b0905-5210-44ee-bdff-57e7aa1aec20,"기업 및 기관의 IT 인프라 운영 및 유지보수 업무 수행  네트워크(유선/무선/보안장비) 장비 점검 및 장애 대응  OA 장비 및 화상회의 시스템(Polycom/Webex/Teams) 운영 지원  현장 장애 대응 및 원격 기술 지원  PC, 노트북 등 하드웨어 자산 지급 교체 반납 관리  상용 소프트웨어 및 유틸리티 설치 지원  모바일 장비(iOS/Android) ERP 프로그램 설치 및 장애 처리  신규 장비 설치 및 사용자지원센터 운영 업무 포함"
사람인,IT,태경그룹 본사 IT혁신팀 신입 및 경력직 모집,태경산업(주),https://www.saramin.co.kr/zf_user/jobs/relay/view?view_type=search&rec_idx=51774622&location=ts&searchword=IT&searchType=search&paid_fl=n&search_uuid=bf5b0905-5210-44ee-bdff-57e7aa1aec20,
사람인,IT,IT/AI부문(전문연구요원 포함)신입,(주)연합인포맥스,https://www.saramin.co.kr/zf_user/jobs/relay/view?view_type=search&rec_idx=51851595&location=ts&searchword=IT&searchType=search&paid_fl=n&search_uuid=bf5b0905-5210-44ee-bdff-57e7aa1aec20,"AI 모델 연구/운영: 머신러닝/딥러닝 모델 개발, 배포, 성능 모니터링 및 최적화
신규 서비스 개발: AI 기술과 프론트/백엔드를 접목한 신상품 기획 및 프로토타이핑
방송 콘텐츠 자동화: AI 음성 영상 생성 및 플랫폼 개발"
사람인,IT,IT인프라 및 시스템 관리 담당자 모집,고려은단헬스케어(주),https://www.saramin.co.kr/zf_user/jobs/relay/view?view_type=search&rec_idx=51767954&location=ts&searchword=IT&searchType=search&paid_fl=n&search_uuid=bf5b0905-5210-44ee-bdff-57e7aa1aec20,"고려은단헬스케어
IT 인프라 및 시스템 관리
담당자 모집
고려은단은 1946 년 창립이래 우수한 기술력을 바탕으로 80 년간 한결같이
사랑받고 있는 대한민국 대표 건강기능식품 회사입니다.
보다 좋은 품질의 약을 나누고 싶어했던 마음이 고려은단의 시작이었습니다.
그 마음은 80 년이라는 시간 동안 이어져 고려은단은 좋은 제품을 만들기 위해 끊임없이 노력하고 있습니다.
스트레스와 불규칙한 식습관, 환경 오염으로 지친 현대인들에게 맞춤형 건강기능식품을 선사하여
건강한 대한민국 100 세 시대로 함께 나아갑니다.
고려은단과 함께 성장하고 발전할 인재를 모집하고 있습니다.

모집부문 

모집부문 담당업무

자격요건 및

우대사항 모집인원
IT 인프라
및
시스템
관리 서버 및 네트워크 관리
사내 서버(Windows/Linux) 운영,
계정 및 권한 관리
스위치, 라우터, 방화벽 등 네트워크 장비
관리 및 성능 모니터링
네트워크 장애 원인 분석 및 복구
업무시스템 관리
ERP, 그룹웨어, 메신저, 이메일 등
사내 업무시스템 운영 및 사용자 지원
신규 시스템 도입 시 검토, 구축 및 운영
IT 자산 및 소프트웨어 관리
PC, 노트북, 프린터 등 전산장비
도입, 배포, 유지보수
IT 자산 관리 체계 수립 및 정기 점검
소프트웨어 라이선스 관리 및 감사 대응
보안 및 개인정보 관리
개인정보보호법 및 내부 보안정책 관리
백신, 보안패치, 취약점 점검 및 개선
로그 모니터링 및 보안 사고 대응

자격요건 학력 : 초대졸 이상 (2,3 년)
경력 : 경력 2 년 이상 (신입 지원 가능)
IT 인프라 / 시스템 관리 경력자
네트워크 기본지식 보유 (TCP/IP, VLAN, VPN 등)
Windows / Linux 서버 운영 경험
소프트웨어 및 IT 자산 관리 경험
개인정보보호 및 보안 관련 기본 이해도
원활한 커뮤니케이션 및 문제 해결 능력
해외여행에 결격사유가 없는 자

우대사항 관련전공 졸업자
(컴퓨터/시스템공학, 정보처리, 네트워크 등)
관련 자격증 보유자
(정보처리기사, 네트워크관리사, 리눅스마스터,
정보보안기사, CCNA 등)
ERP, 그룹웨어, M365, 클라우드 시스템 운영 경험
개인정보보호 관리체계 (PIMS, ISMS) 경험
사용자 지원(Help Desk) 및 IT 운영 프로세스 경험	0 명

근무조건 근무형태 : 수습계약 3 개월 (수습계약기간 평가결과에 따라 정규직 전환)
근무일시 : 주 5 일(월~금) 08:30~18:30
근무지역 : 서울시 강남구 논현로 660, 고려은단헬스케어(주)
채용은 이렇게 진행합니다!
제출서류
이력서 및 자기소개서
경력기술서(경력자에 한함)
* 제출된 서류는 채용전형 종료 후 파기합니다.
* 경력이 있으신 경우 관련내용을 최대한 상세하게 기재해주세요.
접수기간 및 방법
접수기간 : 채용 시 마감 (수시 면접 진행)
접수방법 : 사람인 입사지원
접수서류 : 자사 이력서 양식
기타 유의사항
입사지원 서류에 허위사실이 발견될 경우, 채용확정 이후라도 채용이 취소될 수 있습니다."
사람인,IT,[중견기업/IT계열] 데이타솔루션 재경팀 채용,(주)데이타솔루션,https://www.saramin.co.kr/zf_user/jobs/relay/view?view_type=search&rec_idx=51771554&location=ts&searchword=IT&searchType=search&paid_fl=n&search_uuid=bf5b0905-5210-44ee-bdff-57e7aa1aec20,"재무회계 업무 전반 법인 결산 (월/분기/연) 결산 전표 검토 및 승인 비용 검토 및 채권/채무 관리 연결/별도 재무제표 작성 (IFRS) 내부회계관리제도 구축 및 운영 회계 감사 대응 정기 공시 (사업보고서) 세무 신고 (법인세, 부가세, 원천세/사업소득) 재무 보고 및 경영 보고 (재무 및 관리회계) 기타 인사관련 업무 지원"
사람인,자율주행,자율주행택시 선도기업 광주광역시 인공지능산업융합사업단 (AICA) R&D 연구소 분야별 신입/경력사원 모집,(주)에스더블유엠,https://www.saramin.co.kr/zf_user/jobs/relay/view?view_type=search&rec_idx=51793784&location=ts&searchword=%EC%9E%90%EC%9C%A8%EC%A3%BC%ED%96%89&searchType=search&paid_fl=n&search_uuid=deba3066-1d2e-42bd-ae55-a07cf22b1232,"(주)에스더블유엠/㈜성우모바일 자율주행택시 선도기업 광주광역시 인공지능산업융합사업단 (AICA) R&D 연구소 분야별 신입/경력사원 모집 업종 전기 전자 제어 Micom 직종 선택 : 기획 전략 전문분야 데이터분석 선택 : 기획 전략 전문분야 KPI 관리 선택 : IT 개발 데이터 직무 직업 데이터 사이언티스트 선택 : IT 개발 데이터 직무 직업 데이터분석가 선택 : IT 개발 데이터 직무 직업 데이터엔지니어 선택 : IT 개발 데이터 직무 직업 BI 엔지니어 선택 : IT 개발 데이터 전문분야 데이터라벨링 선택 : IT 개발 데이터 전문분야 데이터마이닝 선택 : IT 개발 데이터 전문분야 데이터시각화 선택 : IT 개발 데이터 전문분야 딥러닝 선택 : IT 개발 데이터 전문분야 머신러닝 선택 : IT 개발 데이터 전문분야 모델링 선택 : IT 개발 데이터 전문분야 빅데이터 선택 : IT 개발 데이터 전문분야 아키텍쳐 선택 : IT 개발 데이터 전문분야 알고리즘 선택 : IT 개발 데이터 전문분야 자율주행 선택 : IT 개발 데이터 전문분야 클라우드 선택 : IT 개발 데이터 전문분야 AI(인공지능) 선택 : IT 개발 데이터 전문분야 S/W 선택 : IT 개발 데이터

기술스택 C++ 선택 : IT 개발 데이터

기술스택 Docker 선택 : IT 개발 데이터

기술스택 Hadoop 선택 : IT 개발 데이터

기술스택 Java 선택 : IT 개발 데이터

기술스택 Kafka 선택 : IT 개발 데이터

기술스택 Kubernetes 선택 : IT 개발 데이터

기술스택 NoSQL 선택 : IT 개발 데이터

기술스택 PL/SQL 선택 : IT 개발 데이터

기술스택 Python 선택 : IT 개발 데이터

기술스택 R 선택 : IT 개발 데이터

기술스택 Scala 선택 : IT 개발 데이터

기술스택 Spark 선택 : IT 개발 데이터

기술스택 SQL 선택 : IT 개발 데이터

기술스택 Tensorflow 선택 : 디자인 전문분야 모델링 선택 : 디자인 전문분야 3D 디자인 선택 : 생산 전문분야 S/W 선택 : 생산 전문분야 3D 설계 선택 : 건설 건축 직무 직업 3D 설계 선택 : 연구 R&D 전문분야 알고리즘개발 선택 : 연구 R&D 전문분야 자율주행 선택 : 연구 R&D 전문분야 AI(인공지능) 근무지 주소 (14055) 경기 안양시 동안구 시민대로 327 번길 28, 5,6 층(관양동,에스엘평촌알앤디센터) 노출지역 경기 경기전체, 경기 안양시, 경기 안양시 동안구, 광주 광주전체, 광주 북구"
사람인,자율주행,측량기기영업/영업파트장/AG 자율주행키트 엔지니어 채용,(주)탑콘소끼아포지셔닝코리아,https://www.saramin.co.kr/zf_user/jobs/relay/view?view_type=search&rec_idx=51656302&location=ts&searchword=%EC%9E%90%EC%9C%A8%EC%A3%BC%ED%96%89&searchType=search&paid_fl=n&search_uuid=deba3066-1d2e-42bd-ae55-a07cf22b1232,"귀사는 세계적인 정밀기기를 취급하는 주식회사 탑콘의 한국 현지법인입니다.
고정밀 시스템을 핵심기술로 측량계측과 건설, 농업기계 자동제어기기 사업을 전개하고 있습니다.
국내에서 사업 확대를 위한 인재를 모집합니다.

모집부문 

모집부문 담당업무

자격요건 /

우대사항 GEO
측량기기 영업 측량기기 제안 영업(기술영업 포함)
현장 교육, 기술 지원, A/S
대리점 영업
(신규 대리점 관리 및 협력 관계 구축)
매출목표 설정 및 달성 / 매출관리
신사업 기획 및 전시회 참가
프로모션 기획 및 시장조사를 통한 경쟁사 분석
영업 활동에 필요한 제안서 및 보고자료 작성

자격요건 학력 : 대졸(2~4 년제) 이상
경력 : 무관(신입 지원 가능)
2 종보통 운전 가능자

우대사항 측량 및 토목 관련 학과 전공자
토목 및 건설 관련 자격증 보유자
CAD 및 MS Office 능숙자
주도적으로 문제를 해결하고
성과를 창출해 본 경험자
영어 및 일본어 가능자
근무지역
내근 : 본사
(서울시 강남구 삼성로 524, 세화빌딩 4 층)
외근/출장 : 전국
AG
영업 파트장
B2B, B2C 기반 자율조향시스템
(Auto Steering System) 및
OEM 정밀농업 장비영업
고객/현장 관리 : 현장 제품 설치, 실시간 기술 지원, 클레임 대응, 고객만족도 조사 시행
AG 파트 관리 : BIWEEKLY 글로벌 미팅 보고,
주간매출 지표 관리, 담당 팀원 관리
Market Intelligence : 시장 내 경쟁사 및
트렌드 분석을 통한 SWOT, 4P 등
맞춤형 전략 수립
홍보 및 전시 지원 : 장비시연회 및 전시회 참가

자격요건 학력 : 대졸 이상
경력 : 자동차, 농기계 수리 관련 경력 5 년 이상
고객 현장방문 대응 및 실시간 대응 가능자
기계류 조립 및 공구 사용에 익숙한 자
2 종보통 운전 가능자
영어 가능자

우대사항 기계공학 또는 농기계 관련 4 년제 대학교 졸업자
(타 전공자 지원 가능)
남성의 경우 군필 및
해외여행 결격사유가 없는 자
영어 / 일본어 가능자
팀장 경험자
해외여행 결격사유 없는자
근무지역
내근(25%) : 본사
(서울시 강남구 삼성로 524, 세화빌딩 4 층)
외근/출장(75%) : 전국
AG
자율주행키트
엔지니어
제품설치 및 사용자 교육
긴급 현장 대응
(농번기 작물 파종 시기 5~6 월 주말 대응 필요)
고객 밀착 관리(VOC, 클레임 LIST)
Field Test 및 국검 대응

자격요건 학력 : 고졸 이상
경력 : 자동차, 농기계 수리 관련 경력 2 년 이상
고객 현장방문 대응 및 실시간 대응 가능자
기계류 조립 및 공구 사용에 익숙한 자
2 종보통 운전 가능자

우대사항 트랙터 제조사, 농기계 수리업무 경험 우대
전북권 거주자(김제,익산,군산,전주 등)
강한 책임감과 오너쉽을 갖춘 인재 우대
영어 / 일본어 가능자
근무지역
내근(25%) : 본사
(서울시 강남구 삼성로 524, 세화빌딩 4 층)
외근/출장(75%) : 전국
**이력서 제목에 지원 부문 기재 必 (ex. GEO 측량기기 영업 지원합니다_OOO)

근무조건 근무형태 : 정규직(수습기간) 3 개월
근무일시 : 주 5 일(월~금) 08:30~17:30
근무지역
내근 : 본사(서울시 강남구 삼성로 524, 세화빌딩 4 층)
외근/출장 : 전국

복리후생 런치데이
(매월 1 회 팀별 회식비 지원)
생일파티
(매월 1 회 생일자 축하)
커피머신 보유
자유로운 연차 사용
창립일 휴무
근로자의날 휴무
듀얼 모니터 지급
회사 굿즈 제공
회식 참석 강요 없음
야근 강요 없음
자유 복장
장기근속자 포상

전형절차 * 절차는 변경될 수 있습니다
접수기간 및 방법
접수방법 및 기간
접수기간   2025 년 09 월 24 일 23:59 까지
접수방법  사람인 온라인 입사지원
이력서양식
사람인 온라인 이력서
유의사항
입사지원 서류에 허위사실이 발견될 경우, 채용확정 이후라도 채용이 취소될 수 있습니다.
유의사항
하기 홈페이지에서 확인 부탁드립니다.
www.topconpositioning.asia/kr/ko"
사람인,자율주행,로보테크 AI 자율주행 로봇 개발자 과정 교육생 모집,미래융합교육원,https://www.saramin.co.kr/zf_user/jobs/relay/view?view_type=search&rec_idx=51536077&location=ts&searchword=%EC%9E%90%EC%9C%A8%EC%A3%BC%ED%96%89&searchType=search&paid_fl=n&search_uuid=deba3066-1d2e-42bd-ae55-a07cf22b1232,"디지털 대전환 시대, 스마트 모빌리티, 로봇 자동화, 지능형 물류, 디지털 헬스케어, 정밀 스마트팜 등 기술집약 산업
전반에서 전문 인재 수요는 매년 빠르게 증가하고 있습니다. 하지만 대학 중심의 이론 교육만으로는 산업 현장에
즉시 투입 가능한 실무형 인재를 충분히 공급하기에는 한계가 있는 것이 현실입니다.
로보테크 AI 자율주행 로봇 개발자 과정은 자율주행 로봇 분야의 선도기업인 ㈜트위니와의 협력을 통해, 자율적으로
판단하고 동작을 수행할 수 있는 로봇 시스템을 설계하고 구현할 수 있는 실무형 기술 인재 양성을 목표로 합니다.
해당과정은 실제 산업 프로젝트를 기반으로, 물류 자동화, SLAM, AI 기반 자율주행 기술 등 로봇 산업 핵심 기술을
집중적으로 학습하며, 물류 의료 스마트시티 등 산업 현장에 바로 투입 가능한 실전 역량을 갖출 수 있도록 구성되어
있습니다
핵심 포인트
산업 현장(물류, 배달로봇) 기반 로봇 프로젝트 수행을 통한 실무형 로봇 개발 역량 강화!
실무 중심의 인공지능 로봇 전문가 양성 및 현장 투입 가능 기술력 제공!
일상 속에서 사용되는 자율주행 기술의 이해와 기술력 습득!
주요습득 기술
AI 기반 센서 융합 기술 의사결정 알고리즘 구현 능력
SLAM(동시 위치추정 및 지도작성)기반의 로봇 자율주행 경로 최적화/인식 기술 능력
센서 데이터 융합 활용을 통한 산업 현장 AI 로봇 실무 프로젝트 완성
취업분야
로봇 SW 개발자 / 자율주행 로봇 엔지니어 / 로봇 비전 개발자 / AI 모델링 적용 엔지니어
로봇 시뮬레이션 기술자
커리큘럼
과정명	세부 내용	시간
로봇 임베디드
프로그래밍 Linux 환경에서 ROS2 개발 환경 구축 및 패키지 생성 실습
C++ 및 Python 프로그래밍 자료형과 연산자, 조건문과 반복문,
함수와 배열 활용
모듈과 패키지, 멀티스레딩	126
로봇 알고리즘 디자인 C++ 기반 로봇 알고리즘 구현
참조와 포인터, 클래스 및 객체지향 프로그래밍 개념
함수 오버로딩, 상속, 다형성, 템플릿 및 STL 활용 로봇 제어
알고리즘 구현 및 코드 최적화 기법 적용	72
ROS2 입문
(자율주행의 첫걸음,
노드와 메시지의 세계) ROS2 기본 개념 및 DDS, QoS 설정 이해
인터페이스와 메시지(Topic, Service, Action) 활용
CLI 명령어 실습, RQt 활용, ROS 패키지 생성 및 노드 작성	80
자율주행 데이터랩
(머신러닝과
SLAM 으로 찾는 길) 판다스, 넘파이를 활용한 데이터 분석
머신러닝 기반 자율주행 경로 최적화
LiDAR 및 센서 데이터 전처리 SLAM(동시 위치 추정 및 지도 작성)
자율주행 로봇 위치 추정 및 경로 계획 이론	93
AI 센서퓨전
(카메라 LiDAR 로
구현하는 자율주행의 눈) OpenCV 기반 영상 처리 기초 (필터링, 이진화)
RGB D 카메라 및 LiDAR 데이터 처리
PCL(PointCloudLibrary) 활용
실시간 객체 인식 및 거리 추정
YOLO 기반 객체 탐지 및 행동 예측	80
ROS2 응용
(자율주행 경로 설정부터
장애물 회피까지) ROS2 런치 파일 활용 및 통합 노드 제어 이벤트 핸들러 활용 및
DDS Discovery Server 설정
ROS Navigation Stack, MoveBase 패키지 활용 자율주행
로봇 경로 설정 및 장애물 회피 알고리즘 구현	88
ROS2 심화
(센서 융합과 비상정지,
복합 주행환경 구현) ROS Perception Stack 활용 및 센서 데이터 융합 비상정지
(긴급 정지) 시스템 개발
RPI 카메라, GPIO 프로그래밍, 메시지 및 서비스 인터페이스 활용
복합 주행환경 모델링(Gazebo, Rviz) 및 시뮬레이션 실습	96
프로젝트
(포트폴리오) AGV 로봇 물류 자동화 프로젝트
자율주행 배달 로봇 안전성 강화 프로젝트 물류 로봇 경로
최적화 프로젝트
사람 추종 로봇 인식 및 주행 안정화 프로젝트	329
포트폴리오
산업 현장 기반 AI 자율주행 로봇 프로젝트
교육상세 내용
과정명 : 로보테크 AI 자율주행 로봇 개발자 과정
참여대상 : 이공계열 및 소프트웨어 AI 분야에 관심 있는 자, 만 32 세 이하 청년 우대
교육기간 : 2025 년 09 월 08 일 ~ 2026 년 01 월 13 일 (총 1,024 시간)
진로 : 자율주행 로봇 SW 개발, 로봇 SW/AI 엔지니어, 스마트 물류 자동화 시스템 개발자,
로봇 관제 및 운영 데이터 분석가, SLAM 및 경로 계획 엔지니어
교육장소 : 대전 둔산동 시청네거리 미래융합교육원
교육 혜택 : 전액 국비지원, 훈련참여수당 지원, 협력기업 취업연계, 타지역 거주생 숙소 지원
문의전화 : 042 471 9222 (미래융합교육원)
과정신청 : QR https://forms.gle/oPJ3T6dng5FNqdpB8
*해당과정의 교육안내 및 선발 관련 안내는 미래융합교육원으로 연락해 주시길 바랍니다. (042 471 9222)
트위니 교육과정 바로가기
트위니는 국내 선도 자율주행 로봇 기업으로, 최근 SBS 8 시 뉴스에도
소개되며 산업 현장에서의 기술력과 혁신성을 인정받고 있습니다.
사람이 하기 힘든 일 '척척'…""7 천만 원 절감"" 무서운 현실 / SBS 8 뉴스 – YouTube"
사람인,자율주행,자율주행 버스 운전석/조수석 안전요원 (부산 기장군),(주)라이드플럭스,https://www.saramin.co.kr/zf_user/jobs/relay/view?view_type=search&rec_idx=51862257&location=ts&searchword=%EC%9E%90%EC%9C%A8%EC%A3%BC%ED%96%89&searchType=search&paid_fl=n&search_uuid=deba3066-1d2e-42bd-ae55-a07cf22b1232,"자율주행 버스 운전석/조수석 안전요원 (부산 기장군)
모집분야
자율주행 버스 운전석/조수석 안전요원 (부산)
Drive the Future Forward
라이드플럭스는 완전 자율주행 서비스를 목표로 인지, 판단, 제어 등의 풀스택(full stack) 소프트웨어 개발을 하는 스타트업입니다. 2020 년 제주에서 선보인 국내 최초의 수요응답형 자율주행 서비스(제주공항 쏘카스테이션)를 시작으로 국내 최장거리 자율주행 서비스, 국내 최초 구역형 자율주행 서비스까지 모두가 더 안전하고, 편안하게 이동할 수 있는 세상을 만들고 있습니다. 미래는 찾아오는 게 아닌, 만들어가는 것이라고 믿는 당신이라면,  라이드플럭스와 함께 새로운 미래를 향한 드라이브를 시작하세요.
직무 안내
자율주행 버스 운전석/조수석 안전요원은 라이드플럭스가 만들고 있는 소프트웨어를 검증하기 위해
실제 버스의 테스트 진행을 돕고 있습니다.
상황에 따라 운전석/조수석 역할을 번갈아 수행합니다.
자율주행 차량 테스트 혹은 서비스를 진행할 경우, 운전석 요원과 조수석 요원은 2 인 1 조로 함께
작업을 수행합니다.
이런 업무를 담당하게 됩니다
운전석 요원
자율주행 차량을 운행하게 됩니다.
자율주행 중 안전이 보장되지 않는 상황이 예상 혹은 발생할 경우 운전자가 직접 개입하여 직접운전 모드로
전환해주는 역할을 합니다
직접운전 모드로 운전 시에도 교통법규를 준수하며 안전운행 합니다.
조수석 요원
자율주행 차량에 관련된 소프트웨어를 조작합니다. 이 때 조작하게 될 소프트웨어의 조작 난이도는
쉬우니 걱정하지 마세요!
자율주행 차량 실험 중에 실험 상황기록부를 작성합니다.
서비스 중일 경우 탑승객을 응대합니다. 승객의 질문에 대한 답변은 매뉴얼화 되어있으니 걱정마세요!
운전석 요원과 함께 차량 청소 등 제반 업무를 수행하게 됩니다.
공통 지원 자격
학력 : 대졸 이상(초대졸 포함)
경력 : 대형차량 운전 유경험자 (남성의 경우, 군복무 시 경험 인정)
운전면허자격 1 종 대형 이상(지원 시, 운전경력증명서 필수 제출)
음주운전 이력 없으신 분
운전 경력 중 본인 과실 사고가 없으며 방어운전이 습관화 되신 분
우대조건
장기근속 가능하신 분
9M 급 중형버스 운전 경험 있으신 분
버스운전자격 및 관련 자격 보유하신 분
남성의 경우, 운전병 출신이신 분
컴퓨터 활용에 거부감이 없으신 분
자차를 보유하고 있으신 분
공학계열 공부 경험이 있으신 분

근무조건 근무일시 : 주 5 일(월~금) 09:00~18:00  (휴게시간 1 시간 포함)
출퇴근지 : 부산광역시 기장군 기장읍 당사리 521
자율주행 운행구간 : 부산 기장군 오시리아 관광단지
근무형태 : 계약직
(본 채용은 장기근속 가능자를 우대하며, 근무평가에 따라 3 개월 단위로 계약을 갱신합니다.
실제로 다수의 구성원이 성실한 근무와 평가를 통해 계약을 갱신하여 지속적으로 함께 근무하고 있습니다.)
급여 : 시급 15,350 원
매달 근로시간을 합산하여 급여 지급
주휴수당 별도 지급
시급 외 인센티브 부여
근로기준법에 따라 법정휴일은 유급휴일로 보장
1 년 이상 근무 시 퇴직금 지급
4 대 보험 가입
매월 첫번째 금요일 휴무
전형 절차
서류전형 → 1 차 면접 → 2 차 운전면접 → 최종합격
입사지원 서류에 허위사실이 발견될 경우, 채용확정 이후라도 채용이 취소될 수 있습니다.
제출서류
자유양식 이력서, 운전경력증명서
이력서 제출 시, 꼭! 포함해주세요
자차 보유 여부를 기재해주세요.
자차 운행 키로수(km)를 기재해주세요."
사람인,자율주행,자율주행/AI SW 개발자 채용,딥퓨전에이아이(주),https://www.saramin.co.kr/zf_user/jobs/relay/view?view_type=search&rec_idx=51689333&location=ts&searchword=%EC%9E%90%EC%9C%A8%EC%A3%BC%ED%96%89&searchType=search&paid_fl=n&search_uuid=deba3066-1d2e-42bd-ae55-a07cf22b1232,"자율주행 센서 데이터 취득 (4D image radar, Camera 등)  포인트 클라우드 기반 3 차원 공간 데이터 수집 및 분석  4D image radar/Camera 기반 인지(perception) 애플리케이션 개발 및 튜닝  비전/포인트 클라우드 딥러닝 모델 개발 및 튜닝  4D image radar/Camera SLAM 개발"
사람인,자율주행,[정규직] 자율주행 빅데이터 분석 개발자 채용,(주)오토노머스에이투지,https://www.saramin.co.kr/zf_user/jobs/relay/view?view_type=search&rec_idx=51723720&location=ts&searchword=%EC%9E%90%EC%9C%A8%EC%A3%BC%ED%96%89&searchType=search&paid_fl=n&search_uuid=deba3066-1d2e-42bd-ae55-a07cf22b1232,"자율주행 차량에서 생성(센서, 정밀지도, LDM 등)되는 빅데이터 처리 알고리즘 개발  SQL DB 기반 데이터 추출 및 가공"
사람인,자율주행,자율주행 자동차 운전석/조수석 안전요원 (주간/당산),(주)라이드플럭스,https://www.saramin.co.kr/zf_user/jobs/relay/view?view_type=search&rec_idx=51841097&location=ts&searchword=%EC%9E%90%EC%9C%A8%EC%A3%BC%ED%96%89&searchType=search&paid_fl=n&search_uuid=deba3066-1d2e-42bd-ae55-a07cf22b1232,"자율주행 자동차 운전석/조수석 안전요원 (주간/당산)
모집분야
자율주행자동차 운전석/조수석 안전요원 (서울)
라이드플럭스는 완전 자율주행 서비스를 목표로 인지, 판단, 제어 등의 풀스택(full stack) 소프트웨어 개발을 하는 스타트업입니다.
2020 년 제주에서 선보인 국내 최초의 수요응답형 자율주행 서비스(제주공항 쏘카스테이션)를 시작으로
국내 최장거리 자율주행 서비스, 국내 최초 구역형 자율주행 서비스까지 모두가 더 안전하고, 편안하게 이동할 수 있는 세상을 만들고 있습니다.
미래는 찾아오는 게 아닌, 만들어가는 것이라고 믿는 당신이라면,  라이드플럭스와 함께 새로운 미래를 향한 드라이브를 시작하세요.
직무 안내
자율주행 차량 운전석/조수석 안전요원은 라이드플럭스가 만들고 있는 소프트웨어를 검증하기 위해
실제 차량의 테스트 진행을 돕고 있습니다.
상황에 따라 운전석/조수석 역할을 번갈아 수행합니다.
자율주행 차량 테스트 혹은 서비스를 진행할 경우, 운전석 요원과 조수석 요원은 2 인 1 조로 함께
작업을 수행합니다.
이런 업무를 담당하게 됩니다
운전석 요원
자율주행 차량을 운행하게 됩니다.
자율주행 중 안전이 보장되지 않는 상황이 예상 혹은 발생할 경우 운전자가 직접 개입하여 직접운전 모드로
전환합니다.
직접운전 모드로 운전 시에도 교통법규를 준수하며 안전운행 합니다.
조수석 요원
자율주행 차량에 관련된 소프트웨어를 조작하게 됩니다. 이 때 조작하게 될 소프트웨어의 조작 난이도는
쉬우니 걱정하지 마세요!
자율주행 차량 실험 중에 실험 상황기록부를 작성하게 됩니다.
운전석 요원과 함께 차량 청소 등 제반 업무를 수행하게 됩니다.
공통 지원 자격
학력 : 대졸 이상(초대졸 포함)
경력 : 무관
운전면허자격 1 종 보통 이상(지원 시, 운전경력증명서 필수 제출)
음주운전 이력 없으신 분
운전 경력 중 본인 과실 사고가 없으며 방어운전이 습관화 되신 분
우대조건
장기근속 가능하신 분
컴퓨터 활용에 거부감이 없으신 분
자차를 보유하고 있으신 분
공학계열 공부 경험이 있으신 분
남성의 경우, 운전병 출신이신 분

근무조건 근무일시 : 주 5 일(월~금) 09:00~18:00
출퇴근지 : 서울 영등포구 당산동 SKV1 센터
자율주행 운행구간 : 서울 서대문구
근무형태 : 계약직
(본 채용은 장기근속 가능자를 우대하며, 근무평가에 따라 3 개월 단위로 계약을 갱신합니다.
실제로 다수의 구성원이 성실한 근무와 평가를 통해 계약을 갱신하여 지속적으로 함께 근무하고 있습니다.)
급여 : 시급 13,550 원
매달 근로시간을 합산하여 급여 지급
주휴수당 별도 지급
시급 외 인센티브 부여
근로기준법에 따라 법정휴일은 유급휴일로 보장
1 년 이상 근무 시 퇴직금 지급
4 대 보험 가입
매월 첫번째 금요일 휴무
전형 절차
서류전형 → 1 차 대면면접 → 2 차 운전면접 → 최종합격
입사지원 서류에 허위사실이 발견될 경우, 채용확정 이후라도 채용이 취소될 수 있습니다.
이력서 제출 시, 꼭! 포함해주세요
운전경력증명서를 꼭 첨부해주세요.
자차 보유 여부를 기재해주세요.
자차 운행 키로수(km)를 기재해주세요."
사람인,자율주행,자율주행 차량용 레이더 개발 SW 엔지니어 충원,(주)스마트레이더시스템,https://www.saramin.co.kr/zf_user/jobs/relay/view?view_type=search&rec_idx=51613378&location=ts&searchword=%EC%9E%90%EC%9C%A8%EC%A3%BC%ED%96%89&searchType=search&paid_fl=n&search_uuid=deba3066-1d2e-42bd-ae55-a07cf22b1232,"ARM 기반 임베디드 시스템용 Linux 커널, 디바이스 드라이버, 부트로더 개발 및 유지 보수     새로운 하드웨어 플랫폼 포팅, 하드웨어 문제 디버깅 및 새로운 주변 장치 통합     레이더 센서 하드웨어를 통합하고, 제어 및 데이터 처리를 위한 Linux 커널 및 드라이버 개발     신호처리 및 운용 소프트웨어를 포함한 시스템의 성능 최적화 및 안정화  필요역량    Linux BSP 개발 경험 : ARM 아키텍처 기반 보드 부팅 및 디바이스 드라이버 개발 경험 필요    하드웨어 인터페이스 지식 : SPI, QSPI, I2C, CSI2, CAN 등 하드웨어 인터페이스와 Flash, EEPROM, Ethernet 등       디바이스에 대한 지식 필요    프로그래밍 능력 : C/C++ 기반 SW 구현, 최적화 및 디버깅 능력 필요 (특히, Kernel 기반 최적화 및 디버깅 관점)    문제 해결 능력 : 다양한 원인에 의한 복합적인 문제들에 대한 분석 및 해결 필요    위에 나열된 모든 요건을 만족하지 않더라도 지원 가능하며, 만족 요건 충족 여부에 따라 가산점이 부여됨  ◎  신호처리 알고리즘 개발 (00 명)

주요업무 신호처리 알고리즘 설계 및 개발    Python 기반 신호처리 구현    NVIDIA CUDA 기반 신호처리 구현    신호처리 성능 평가 및 최적화  필요역량    신호처리 관련 지식 : 신호처리 알고리즘의 이해 및 설계/개발에 필요    프로그래밍 능력 : SW 구현, 최적화 및 디버깅 능력 필요 (C / C++ / Python 능력 필수)    전기/전자 공학 지식 : 기본적인 RF 및 HW 관련 이해 필요     문제 해결 능력 : 다양한 원인에 의한 복합적인 문제들에 대한 분석 및 해결 필요  ◎  객체 추적 및 인식 개발 (00 명)

주요업무 Point Cloud 기반 객체 추적 알고리즘 개발 및 구현        Point Cloud 기반 객체 인식 알고리즘 개       객체 추적 및 인식 알고리즘 최적화      객체 인식을 위한 딥러닝 네트워크 설계 및 학습      임베디드 환경에서 동작 가능하도록 포팅 및 최적화       ROS Visualizer 상에서 최적화된 객체 추적 및 객체 인식 기능 구현  필요역량    객체 추적 관련 지식 : Point Cloud 기반 객체 추적 알고리즘 개발에 필요     딥러닝 관련 지식 : 객체 인식 알고리즘 개발 및 학습에 필요    프로그래밍 능력 : SW 구현, 최적화 및 디버깅 능력 필요    문제 해결 능력 : 다양한 원인에 의한 복합적인 문제들에 대한 분석 및 해결 필요◎ 공통"
사람인,자율주행,실외자율주행 로봇 하드웨어 제품설계 팀원 모집,(주)모빌에이트,https://www.saramin.co.kr/zf_user/jobs/relay/view?view_type=search&rec_idx=51845568&location=ts&searchword=%EC%9E%90%EC%9C%A8%EC%A3%BC%ED%96%89&searchType=search&paid_fl=n&search_uuid=deba3066-1d2e-42bd-ae55-a07cf22b1232,
사람인,자율주행,제주도 자율주행셔틀 서비스 운행지원 인력 모집,롯데이노베이트(주),https://www.saramin.co.kr/zf_user/jobs/relay/view?view_type=search&rec_idx=51783223&location=ts&searchword=%EC%9E%90%EC%9C%A8%EC%A3%BC%ED%96%89&searchType=search&paid_fl=n&search_uuid=deba3066-1d2e-42bd-ae55-a07cf22b1232,"자율주행셔틀 운행지원 업무 (자율주행 시스템 점검 및 차량정비 지원 등)
자율주행셔틀 안전요원 역할 (국내외 탑승객 응대 및 안전관리, 돌발상황 시 대응 등)
기본자격
1 종 보통 운전면허 소지자 (운전경력자, 운전경력 필수)
응시자격
해외 여행 및 건강상 결격 사유가 없는 분
남성의 경우, 군필 혹은 면제자 외 국가유공자

근무조건 근무형태 : PJT 계약직 (일근직)
근무요일 : 주 5 일 기준 (면접 시 협의)
근무시간 : 09:00 ~ 18:00 (휴게시간 : 12:00 ~ 13:00)
근무기간 : 채용일로부터 3 개월 (면접 시 협의)
근무장소 : 제주도 성산일출봉 ~ 광치기해변 ~ 섭지코지 일대
급여 : 2,260,000 원 / 공제금액 제외 전 기준, 식대 별도지급 (140,000 원)

복리후생 복지포인트 및 경조지원
건강검진
학자금/교육지원 등 다양한

복리후생 지원

전형절차 면접유형 및 방식은 향후 변경될 수 있습니다.
접수기간 및 방법
접수기간 :
2025 년 09 월 19 일(금)까지
접수방법 : 아래 이력서 양식을 다운로드하신 후 작성하여 제출해주세요.
파일 제목 : 입사지원서_성명_생년월일
다운로드 : https://bit.ly/3ZJBHvJ
자율주행셔틀 외관 모습
자율주행셔틀 내부모습
유의사항
본 채용공고는 PJT 계약직 채용 공고입니다. 등록된 이력서를 바탕으로 서류전형 합격자에 한해 개별 안내 예정이며,
채용 프로세스가 진행되지 않을 수 있습니다.
사업종료 시 근로계약은 종료됩니다.
기타사항
전형 결과는 개별 통보 예정.
입사 지원사항 및 자격사항이 사실과 다를 경우, 입사가 취소될 수 있음.
채용청탁 등 부정한 행위에 관련된 경우 입사(합격)가 취소되며 향후 응시자격 제한 등 불이익을 받을 수 있음.
상기 일정은 상황에 따라 변경될 수 있으며, 입사 후 배치 직무 및 지역 또한 회사의 사정에 의해 개인과 협의 후 변경될 수 있음.
국가보훈대상자 및 장애인은 관련법규에 의거 우대함.
채용문의
롯데 채용 홈페이지 계열사(롯데이노베이트) FAQ 확인 및 Q&A 를 통해 문의"
사람인,자율주행,제주도 자율주행셔틀 서비스 운행인력 모집,롯데이노베이트(주),https://www.saramin.co.kr/zf_user/jobs/relay/view?view_type=search&rec_idx=51783256&location=ts&searchword=%EC%9E%90%EC%9C%A8%EC%A3%BC%ED%96%89&searchType=search&paid_fl=n&search_uuid=deba3066-1d2e-42bd-ae55-a07cf22b1232,"자율주행셔틀 운행 및 관리업무 (자율주행 및 수동조작 운영, 자율주행 시스템 점검, 차량정비 지원 등)
자율주행셔틀 안전요원 역할 (운행 모니터링, 탑승객 응대 및 안전관리, 돌발상황 시 대응 등)
기본자격
1 종 보통 운전면허 소지자 (운전숙련자, 운전경력 필수)

근무조건 근무형태 : PJT 계약직 (일근직)
근무요일 : 주 5 일 기준 (면접 시 협의)
근무시간 : 09:00 ~ 18:00 (휴게시간 : 12:00 ~ 13:00)
근무기간 : 채용일로부터 3 개월 (면접 시 협의)
근무장소 : 제주도 성산일출봉 ~ 광치기해변 ~ 섭지코지 일대
급여 : 2,800,000 원/ 공제금액 제외 전 기준, 식대 별도지급 (140,000 원)
응시자격
해외 여행 및 건강상 결격 사유가 없는 분
남성의 경우, 군필 혹은 면제자 외 국가유공자

복리후생 복지포인트 및 경조지원
건강검진
학자금/교육지원 등 다양한

복리후생 지원

전형절차 처우협의는 채용전형 진행 중 별도 안내
면접유형 및 방식은 향후 변경될 수 있습니다.
접수기간 및 방법
접수기간 :
2025 년 09 월 19 일(금)까지
접수방법 : 아래 이력서 양식을 다운로드하신 후 작성하여 제출해주세요.
파일 제목 : 입사지원서_성명_생년월일
다운로드 : https://bit.ly/3ZJBHvJ
자율주행셔틀 외관 모습
자율주행셔틀 내부모습
유의사항
본 채용공고는 PJT 계약직 채용 공고입니다. 등록된 이력서를 바탕으로 서류전형 합격자에 한해 개별 안내 예정이며,
채용 프로세스가 진행되지 않을 수 있습니다.
사업종료 시 근로계약은 종료됩니다.
기타사항
전형 결과는 개별 통보 예정.
입사 지원사항 및 자격사항이 사실과 다를 경우, 입사가 취소될 수 있음.
채용청탁 등 부정한 행위에 관련된 경우 입사(합격)가 취소되며 향후 응시자격 제한 등 불이익을 받을 수 있음.
상기 일정은 상황에 따라 변경될 수 있으며, 입사 후 배치 직무 및 지역 또한 회사의 사정에 의해 개인과 협의 후 변경될 수 있음.
국가보훈대상자 및 장애인은 관련법규에 의거 우대함.
채용문의
롯데 채용 홈페이지 계열사(롯데이노베이트) FAQ 확인 및 Q&A 를 통해 문의"
사람인,자율주행,자율주행차 개조 엔지니어 (용인 근무),(주)에이스웍스코리아,https://www.saramin.co.kr/zf_user/jobs/relay/view?view_type=search&rec_idx=51818734&location=ts&searchword=%EC%9E%90%EC%9C%A8%EC%A3%BC%ED%96%89&searchType=search&paid_fl=n&search_uuid=deba3066-1d2e-42bd-ae55-a07cf22b1232,"(주)에이스웍스코리아
자율주행차 개조 엔지니어 (용인근무)
(주)에이스웍스코리아에서 다음과 같이 유능한 인재를 채용합니다.
미래모빌리티 솔루션 기업 ACEWORKS!
에이스웍스 코리아는 EV 검증장비 국내 1 위 기업 CONTROLWORKS 와 자율주행 토탈 솔루션 업체 ACELAB 이 합병하여
탄생한 미래모빌리티 전문 솔루션 기업입니다. 전직원 중 연구인력이 80% 이상인 연구개발 중심 기업입니다.
다년간 축적된 임베디드 하드웨어와 소프트웨어, 모델링 기술과 자율주행 Full Stack 기술을 바탕으로
EV 분야와 자율주행 분야의 300 여개 기업, 3,000 여명의 고객에 맞춤형 솔루션을 제공하고 있으며,
매년 매출이 빠르게 성장하고 있습니다.
독일 Vector, 중국 Robosense 등 글로벌 기업과의 오랜 파트너십을 기반으로 23 년에는 미국 LA 에 지역 사무소를 개소하고
해외 시장에 적극 진출하고 있습니다.
직원들이 꼽는 에이스웍스의 키워드는 '수평적인' , '자율적인 분위기', '실력있고 열정적인 친절한 동료들',
'역량을 키울 수 있는' 등등 입니다.
친환경과 스마트 모빌리티를 아우르는 에이스웍스에서 미래모빌리티 에이스로 거듭날 여러분들을 초대합니다!
*에이스웍스 기업소개영상 https://www.youtube.com/watch?v S4shujCuU8g
*에이스웍스 한양대 LG 유플러스 자율주차 공개 시연 https://www.youtube.com/watch?v PZ2YTFGdEH8
모집부분

모집부문 담당업무

자격요건 및

우대사항 모집인원
전장 엔지니어
(신입)
전장설계 툴 활용 전장도면 문서화
전장 하네스 제작 등 배선 작업

자격요건 전문학사 이상(기계공학, 메카트로닉스 공학 등 관련학과)
자차 출퇴근 가능자

우대사항 AutoCAD, EPLAN 등 전장설계 관련 도구 사용 경험
3D CAD 모델링 경험(SolidWorks 등)
협업 및 현장 대응 경험
용인 거주자 우대	0 명

근무조건 근무형태 : 정규직(수습 3 개월)
근무일시 : 주 5 일(월~금) 09:30~18:30
근무지역 : 경기도 용인시 처인구 모현읍 초부로 106 번길 13 5

전형절차 접수방법 및 기간
접수기간 : 2025 년 10 월 10 일  (금) 마감
접수방법 : 사람인 온라인 입사지원
이력서양식 : 자유양식 (희망연봉 필수기재)
제출서류
이력서, 자기소개서, 성적증명서(학사,석사 / 90 일 이내 발급), 포트폴리오(선택), 이력서 내 희망연봉 필수기재
기타 유의사항
입사지원 서류에 허위사실이 발견될 경우, 채용확정 이후라도 채용이 취소될 수 있습니다.

복리후생 쾌적한 근무환경
유연근무제 (출퇴근시간 선택)
강남권 : 역삼역 선릉역 걸어서 10 분
원두커피와 과자, 음료수 등 간식 무제한 제공
라운지, 수면실, 샤워실, 옥상쉼터 등 편안한 휴식공간
외부주차장 월정기권 지원
전동킥보드 월정기권 지원
건강/가족지원
전직원 종합건강검진 지원
직원 상해보험 가입
매월 의료인 건강상담
경조사 지원 (휴가, 화환, 경조금)
명절(설, 추석) 선물
어버이날 직원 부모님께 선물
육아휴직, 배우자출산휴가 사용 독려
휴가 지원
회사 리조트 지원 (마리나베이호텔)
휴가비 지원
여기어때 비즈니스 회원
법인차량 개인용무에 이용 가능
자유로운 연차사용
자기계발 지원
직무능력향상을 위한 교육 전액 지원
해외세미나 참가 지원
직무관련 도서비 전액 지원
특허 출원 및 등록 시 포상금
신입사원 1:1 멘토링 제도 운영
운전면허 취득 시 학원비 지원
기타 복지
장기근속자 포상 (리프레쉬 휴가, 포상금)
생일에 축하금과 간식비
정규직 전환 축하금
인재 추천시 푸짐한 포상금
업무에 자차사용시 유류비 지원"
사람인,자율주행,"반도체/디스플레이 설비, 자율주행로봇 조립 제작 정규직 모집",(주)시스윈로보틱스,https://www.saramin.co.kr/zf_user/jobs/relay/view?view_type=search&rec_idx=51730427&location=ts&searchword=%EC%9E%90%EC%9C%A8%EC%A3%BC%ED%96%89&searchType=search&paid_fl=n&search_uuid=deba3066-1d2e-42bd-ae55-a07cf22b1232,"반도체/디스플레이 설비 기구 조립, 제작 및 유지보수 자율주행로봇 AMR 조립, 제작 및 유지보수 C/R Setup 및 유지보수​근무 및 연봉 관련 대기업 수준의 연봉,

복리후생 무이자 사내 대출 지원 (재직 기간 2 년 이상, 재직 년수에 따라 추가 지원)"
사람인,자율주행,[SWM] 자율주행 / 인공지능 부문별 SW 개발자 모집,(주)에스더블유엠,https://www.saramin.co.kr/zf_user/jobs/relay/view?view_type=search&rec_idx=51795753&location=ts&searchword=%EC%9E%90%EC%9C%A8%EC%A3%BC%ED%96%89&searchType=search&paid_fl=n&search_uuid=deba3066-1d2e-42bd-ae55-a07cf22b1232,"자율주행 정적 인지 시스템 전반의 기술 총괄 및 로드맵 설계 차선, 신호등, 교통표지판, 도로 구조물 등 정적 객체 인식 알고리즘 개발 및 최적화 Deep Learning 기반 객체 탐지/분류/세그멘테이션 모델 설계 및 성능 개선 팀원 코드 리뷰, 성능 분석, 아키텍처 설계 리딩 주요 정적 인지 성능 지표(TPR, FPR, mIoU, latency 등) 관리 및 개선 일정 관리 및 이슈 관리 (Jira 등) 인지 시스템의 실차 테스트 연계 및 검증 환경 구축 자율주행테크센터 부서 소속으로 함께할 예정이에요."
사람인,자율주행,자율주행솔루션사업부 시스템 엔지니어,(주)유진로봇,https://www.saramin.co.kr/zf_user/jobs/relay/view?view_type=search&rec_idx=51828965&location=ts&searchword=%EC%9E%90%EC%9C%A8%EC%A3%BC%ED%96%89&searchType=search&paid_fl=n&search_uuid=deba3066-1d2e-42bd-ae55-a07cf22b1232,고객사 요구 사항 분석 및 솔루션 제안    고객사 요구사항에 기반한 자율주행 물류로봇 시스템 (AMR+차상장치+설비) 통합 솔루션 및 컨셉 제안    시뮬레이션 프로그램 (Visual Component) 활용 및 물류 로봇 운영 CT 산출  물류 창고 및 생산라인 환경 분석을 통한 시스템 제안  AMR 과 ACS/WCS 등 물류 시스템 간 통합 및 연동 시스템 제안
사람인,자율주행,자율주행솔루션사업부 PM,(주)유진로봇,https://www.saramin.co.kr/zf_user/jobs/relay/view?view_type=search&rec_idx=51828787&location=ts&searchword=%EC%9E%90%EC%9C%A8%EC%A3%BC%ED%96%89&searchType=search&paid_fl=n&search_uuid=deba3066-1d2e-42bd-ae55-a07cf22b1232,"제품 개발 및 양산 관련 관리  일정 관리, 제품사양 정의, 개발 이슈 대응 등  관련 부서, 고객과의 의사소통을 통한 협업 및 문제 해결  신제품 개발 및 기존 제품 개선 관리"
사람인,자율주행,자율주행솔루션사업부 HW 엔지니어,(주)유진로봇,https://www.saramin.co.kr/zf_user/jobs/relay/view?view_type=search&rec_idx=51831665&location=ts&searchword=%EC%9E%90%EC%9C%A8%EC%A3%BC%ED%96%89&searchType=search&paid_fl=n&search_uuid=deba3066-1d2e-42bd-ae55-a07cf22b1232,"AMR 플랫폼의 하드웨어 아키텍처 설계 및 부품 선정    배터리 및 전원 회로 구성, 충전/보호 시스템 개발    LiDAR, IMU, 카메라 등 각종 센서 연동 및 하드웨어 통합 설계  전장 설계 (PCB, 하네스, 배선 등) 및 EMI 대응 설계 및 디버깅    시스템 테스트 및 현장 디버깅, 문제 해결  제품 양산을 위한 부품 사양서, 생산/품질 대응 문서 작성  국내외 인증 대응 (CE, KC, ISO 3691 4 등)"
사람인,자율주행,"[중국어, 석사] 자율주행 인지 DNN 모델 연구 개발",(주)에스더블유엠,https://www.saramin.co.kr/zf_user/jobs/relay/view?view_type=search&rec_idx=51437461&location=ts&searchword=%EC%9E%90%EC%9C%A8%EC%A3%BC%ED%96%89&searchType=search&paid_fl=n&search_uuid=deba3066-1d2e-42bd-ae55-a07cf22b1232,자율주행 차량의 인지 시스템에 필요한 DNN 모델을 연구하고 개발해요  최신 인공지능 기술을 활용하여 자율주행의 안전성과 효율성을 높이는 업무를 담당해요  자율주행 센서 및 주행 데이터 수집 및 분석을 통해 모델의 성능을 지속적으로 개선해요
사람인,자율주행,[SWM] 중국계 자율주행 AI 개발자,(주)에스더블유엠,https://www.saramin.co.kr/zf_user/jobs/relay/view?view_type=search&rec_idx=51513689&location=ts&searchword=%EC%9E%90%EC%9C%A8%EC%A3%BC%ED%96%89&searchType=search&paid_fl=n&search_uuid=deba3066-1d2e-42bd-ae55-a07cf22b1232,자율 주행 AI 개발 자율 주행 시스템 개발
사람인,자율주행,[SWM] 자율주행 세이프가이드(야간) 모집,(주)에스더블유엠,https://www.saramin.co.kr/zf_user/jobs/relay/view?view_type=search&rec_idx=51704143&location=ts&searchword=%EC%9E%90%EC%9C%A8%EC%A3%BC%ED%96%89&searchType=search&paid_fl=n&search_uuid=deba3066-1d2e-42bd-ae55-a07cf22b1232,"유튜브 링크
1. https://www.youtube.com/watch?v wSOLI3t3Et8
2. https://www.youtube.com/watch?v LiycOGO2YKE
3. https://www.youtube.com/watch?v y32AnRgUQ2A
4. https://youtu.be/QHSl_cxFGM8?list PLLBETI6EIVEVxfihmVAeEsTOlqUwZoBsf
기사 링크
1. https://www.newspim.com/news/view/20250616000612
2. https://www.fnnews.com/news/202507091840076329
3. https://www.asiae.co.kr/article/2025072414223700806
유의사항
입사지원 서류에 허위사실이 발견될 경우, 채용확정 이후라도 채용이 취소될 수 있습니다."
사람인,자율주행,[SWM] 자율주행 세이프가이드(주간) 모집,(주)에스더블유엠,https://www.saramin.co.kr/zf_user/jobs/relay/view?view_type=search&rec_idx=51716208&location=ts&searchword=%EC%9E%90%EC%9C%A8%EC%A3%BC%ED%96%89&searchType=search&paid_fl=n&search_uuid=deba3066-1d2e-42bd-ae55-a07cf22b1232,"유튜브 링크
1.  https://www.youtube.com/watch?v wSOLI3t3Et8
2. https://www.youtube.com/watch?v LiycOGO2YKE
3. https://www.youtube.com/watch?v y32AnRgUQ2A
4. https://www.youtube.com/watch?list PLLBETI6EIVEVxfihmVAeEsTOlqUwZoBsf&v QHSl_cxFGM8&feature youtu.be
기사 링크
1.  https://www.newspim.com/news/view/20250616000612
2. https://www.fnnews.com/news/202507091840076329
3. https://www.asiae.co.kr/article/2025072414223700806
유의사항
입사지원 서류에 허위사실이 발견될 경우, 채용확정 이후라도 채용이 취소될 수 있습니다.
있습니다."
사람인,자율주행,[모빌리티/자율주행/ITS] 프로젝트 관리 및 시스템 기획설계,유티정보(주),https://www.saramin.co.kr/zf_user/jobs/relay/view?view_type=search&rec_idx=51703718&location=ts&searchword=%EC%9E%90%EC%9C%A8%EC%A3%BC%ED%96%89&searchType=search&paid_fl=n&search_uuid=deba3066-1d2e-42bd-ae55-a07cf22b1232,"PMO / PM / PL 업무    모빌리티, 자율주행, 스마트시티 플랫폼, 지능형교통정보시스템(ITS) 구축 프로젝트 관리  시스템 기획설계 업무    고객사 요구사항 분석 ~ 시스템 기획설계 담당    프로젝트 제안서 작성 지원 업무    시스템 구축 시 테스트 업무    시스템 구축 후 유지보수 업무  R&D 관리 및 수행 업무    자율주행 관련 R&D 과제 관리    R&D 과제 연구 수행  GIS 관련 업무    Geometry 정보 편집"
사람인,자율주행,[Neubility] 자율주행 시스템 소프트웨어 개발 (인턴),(주)뉴빌리티,https://www.saramin.co.kr/zf_user/jobs/relay/view?view_type=search&rec_idx=51754235&location=ts&searchword=%EC%9E%90%EC%9C%A8%EC%A3%BC%ED%96%89&searchType=search&paid_fl=n&search_uuid=deba3066-1d2e-42bd-ae55-a07cf22b1232,"자율주행 시스템 소프트웨어의 안정적인 구동과 통합을 지원하는 인턴 업무를 담당합니다. 팀원들과 협업하여 개발된 소프트웨어를 임베디드 시스템에 포팅하고, 시스템 상태를 모니터링하며 기본적인 문제를 해결하는 실무 경험을 쌓을 수 있습니다. 인턴십 목표 본 인턴십은 자율주행 소프트웨어 개발 이후의 시스템 통합 및 운영 과정을 직접 경험하고 싶은 분을 위한 자리입니다. 개발된 소프트웨어를 실제 시스템에 적용하고, 그 과정에서 발생하는 다양한 문제들을 해결하며 시스템 엔지니어링 역량을 키울 수 있도록 지원합니다. 담당 업무 자율주행 시스템 소프트웨어 통합 및 관리:개발된 소프트웨어를 취합하여 제어기에 포팅하는 작업을 지원합니다.제어기 내 자율주행 소프트웨어의 동작 로직을 이해하고 문서화하는 작업을 돕습니다.시스템 모니터링 및 트러블슈팅 지원:제어기 상태를 모니터링하고, 정상 동작 여부를 확인하는 작업을 지원합니다.Linux 환경에서 발생하는 간단한 프로그램 또는 시스템 이슈를 해결하는 과정을 학습하고 지원합니다.개발 환경 구축 및 데이터 관리 지원:ROS2 를 활용한 데이터 로깅 시스템 개발 및 관리를 지원합니다.CI(Continuous Integration) 시스템의 빌드 테스트 과정을 이해하고, 간단한 수정 작업을 지원합니다."
사람인,자율주행,"물류 로봇 자율주행 S/W 개발자 (전문연구요원, python, C++)",(주)랩투마켓,https://www.saramin.co.kr/zf_user/jobs/relay/view?view_type=search&rec_idx=51776532&location=ts&searchword=%EC%9E%90%EC%9C%A8%EC%A3%BC%ED%96%89&searchType=search&paid_fl=n&search_uuid=deba3066-1d2e-42bd-ae55-a07cf22b1232,"병역특례 전문연구요원
물류 로봇 자율주행
S/W 개발자
모집
물류 로봇 제어 개발 (전문연구요원, python)
함께할 업무에요
협동로봇 컨트롤 로직 개발
물류 로봇 자율 주행 로직 개발
ROS2 를 사용한 Application 개발
이런 분을 찾고 있어요
학력: 석사 이상 (졸업 예정자도 지원 가능)
전문연구요원 신규편입 대상자 (만 35 세까지 복무를 마칠 수 있는 분)
해외여행에 결격 사유가 없는 분
팀워크와 커뮤니케이션 능력이 뛰어나신 분
긍정적이고 자기 주도적으로 성장할 수 있는 분
문제해결 능력이 뛰어난 분
제어공학 또는 관련 분야 석사 학위 이상 소지자 (졸업 예정자도 지원 가능)
Linux 환경에서 Python, C/C++ 언어로 3 축 이상 로봇 구동 경험자
ROS2 를 사용한 프로젝트 진행 경험자
주요

기술스택 C, C++, python, linux, ESP32, MCU 등
이런 분이면 더 좋아요!
회로설계, 아트웍, 펌웨어, 모터드라이버, Embedded Daughter Board 개발 가능자
Impedance/Admittance/Compliance/Force Controller 설계 및 적용 경험자

자격요건 신입 / 경력 6 년 이하
석사졸업이상, 졸업 예정자만 지원가능
병역특례(전문연구요원) 대상자만 지원가능
함께하면 받는 혜택 및 복지
점심식사 제공
기본 휴가 + 여름/겨울 휴가(각 3 일) 연 21 일!
생일 반차
2 년에 한 번 종합 건강검진 제공
4.6 일 근무제 (평일 9 시 30 분 출근, 월요일 1 시 출근 or 금요일 3 시 반 퇴근)
장기근속자 인센티브 (2, 4, 6, 8, 10 년 차)
참고: https://www.lab2m.com/culture

근무조건 고용형태 : 정규직
급여 : 면접 후 결정
근무지 : 서울 강서구 양천로 424 가양역 데시앙플렉스 지식산업센터 616 호 (25 년 말 향동 DMC 워크시티로 이전 예정)
채용절차
접수기간 : 2025 09 08 22 시 ~ 2025 11 07 24 시
제출서류 : 사람인 온라인 이력서, 석사/박사 졸업 논문 필수
접수방법 : 사람인 입사지원

전형절차 : 서류전형 → 인적성 검사 → 전화면접 → 기술면접 → 임원면접 → 최종합격
유의사항
입사지원 서류에 허위사실이 발견될 경우, 채용확정 이후라도 채용이 취소될 수 있습니다.
모집분야별로 마감일이 상이할 수 있으니 유의하시길 바랍니다."
사람인,자율주행,[유명 자율주행 SW개발사] Technical Project Manager (FSM),(주)유니코써치,https://www.saramin.co.kr/zf_user/jobs/relay/view?view_type=search&rec_idx=51845044&location=ts&searchword=%EC%9E%90%EC%9C%A8%EC%A3%BC%ED%96%89&searchType=search&paid_fl=n&search_uuid=deba3066-1d2e-42bd-ae55-a07cf22b1232,"기업 소개  카메라 센서를 활용한 인공지능 기반 자율주행 소프트웨어를 개발하고 제공하는 기업입니다.  해당 기업은 We Empower Everything to Perceive Intelligently 라는 미션을 가지고, AI 기반의 카메라 인식기술로 모두의 더 나은 삶을 만들어가고 있습니다.   우리가 만든 소프트웨어가 모든 것을 빈틈없이 정확하게 인식하여, 세상의 올바른 의미를 전달할 수 있도록 현재 전 세계 8 개 오피스, 300 여명 규모 동료들과 Vision Perception AI 기술을 만들어가고 있습니다.   Our Technology    2019 년은 전 세계 딥러닝 기술 기반 스타트업 중 최초로 유럽 ASPICE CL2 인증을 획득하였고, 2020 년에는 AVT ACES 자율주행 차량 혁신상을 수상하였습니다.    또한, 글로벌 자율주행 기업들과 전문가들의 경연장인 AutoSens Award 에서는 2 년 연속(2021, 2022) ‘객체 인식 부문 최고상’(Gold Award Winner)을 수상하였습니다.    2022 년 8 월, 1076 억 규모로 마무리된 시리즈 C 펀딩에는 미국의 Aptiv 와 독일의 ZF Group 이 전략적 투자자로 참여하여 자사의 우수한 기술력이 전 세계로부터 인정받았습니다.   국내와 미국, 유럽, 일본 등에서 자율주행/ADAS 특허 167 개 획득  2025 년도 상반기 자사의 핵심 제품인 SVNet 이 탑재된 누적 차량대수 전세계 400 만대 돌파  Mission of the Role 1. 본 포지션은 TPM(Technical Program Manager) 역할을 수행하면서, 동시에 FSM(Functional Safety Manager) 역할을 주도적으로 맡게 됩니다.2. AD 및 ADAS 프로젝트의 개발과 실행을 총괄하며, 일정 예산 품질 목표를 충족시켜 고객 만 족을 달성하는 핵심적인 역할을 담당합니다. 복잡한 기술 요구사항과 실제 프로젝트 실행 간 의 간극을 메우고, 내부 소프트웨어 개발 생명주기를 관리하여 혁신적인 제품 개발을 이끌어 갈 수 있는 분을 찾습니다  담당업무  프로젝트 전 과정(기획~실행~검증)을 총괄, 엔지니어 및 주요 이해관계자와 협업하여 일정과 범위 내 적시 납품 관리  고객의 주요 기술적 창구 역할 수행, 요구사항 기능 개발 마일스톤 리스크 관리 조율  소프트웨어 개발 계획 수립 및 기능 안전(Functional Safety) 통합 관리, ISO 26262 등 국제 표 준 준수  프로젝트 및 안전 리스크 선제적 관리, 우선순위화 및 시정 조치를 통해 프로젝트와 안전 규 정 준수 보장  프로젝트 진행 상황 및 안전 목표 정렬을 위한 핵심 회의 주관 (고객 프로젝트 팀 기능 안전 팀 간 소통 지원)  안전성 평가 및 감사(Audit) 조율, 프로젝트 팀과 함께 시정 조치 실행"
사람인,자율주행,[국내 유명 자율주행 SW개발사] Technical Project Manager,(주)유니코써치,https://www.saramin.co.kr/zf_user/jobs/relay/view?view_type=search&rec_idx=51844998&location=ts&searchword=%EC%9E%90%EC%9C%A8%EC%A3%BC%ED%96%89&searchType=search&paid_fl=n&search_uuid=deba3066-1d2e-42bd-ae55-a07cf22b1232,"기업 소개  카메라 센서를 활용한 인공지능 기반 자율주행 소프트웨어를 개발하고 제공하는 기업입니다.  해당 기업은 We Empower Everything to Perceive Intelligently 라는 미션을 가지고, AI 기반의 카메라 인식기술로 모두의 더 나은 삶을 만들어가고 있습니다.   우리가 만든 소프트웨어가 모든 것을 빈틈없이 정확하게 인식하여, 세상의 올바른 의미를 전달할 수 있도록 현재 전 세계 8 개 오피스, 300 여명 규모 동료들과 Vision Perception AI 기술을 만들어가고 있습니다.   Our Technology    2019 년은 전 세계 딥러닝 기술 기반 스타트업 중 최초로 유럽 ASPICE CL2 인증을 획득하였고, 2020 년에는 AVT ACES 자율주행 차량 혁신상을 수상하였습니다.    또한, 글로벌 자율주행 기업들과 전문가들의 경연장인 AutoSens Award 에서는 2 년 연속(2021, 2022) ‘객체 인식 부문 최고상’(Gold Award Winner)을 수상하였습니다.    2022 년 8 월, 1076 억 규모로 마무리된 시리즈 C 펀딩에는 미국의 Aptiv 와 독일의 ZF Group 이 전략적 투자자로 참여하여 자사의 우수한 기술력이 전 세계로부터 인정받았습니다.   국내와 미국, 유럽, 일본 등에서 자율주행/ADAS 특허 167 개 획득  2025 년도 상반기 자사의 핵심 제품인 SVNet 이 탑재된 누적 차량대수 전세계 400 만대 돌파   Mission of the Role 1. 당사는 AD 및 ADAS 분야의 선도적인 프로젝트를 수행하고 있으며, 이번에 Technical Project Manager 를 채용합니다.2. 본 포지션은 자율주행 및 첨단 운전자 보조 시스템 프로젝트의 전 과정을 주도하며, 일정 예 산 품질을 충족시켜 성공적인 결과를 만들어내는 핵심적인 역할을 맡게 됩니다. 고객 및 내부 엔지니어링 팀과 긴밀히 협업하며, 혁신적인 제품 개발과 안정적인 프로젝트 실행을 이끌어갈 역량 있는 분을 기다립니다.  담당업무    프로젝트 전 과정(기획~실행~검증)을 총괄하고, 데이터/소프트웨어/플랫폼/검증 엔지니어 및 주요 이해관계자와 협업   고객과의 주요 기술적 커뮤니케이션 담당, 요구사항 기능 개발 마일스톤 리스크를 균형 있게 관리   소프트웨어 개발 계획 및 요구사항 분석 총괄, 진행 상황 모니터링 및 필요 시 계획 조정   프로젝트 이슈 및 리스크를 선제적으로 파악 관리하여 안정적인 진행 유지   프로젝트 성과 지표(고객 만족도, 일정, 품질, 예산 등)를 점검하고 관련 부서에 정기 보고   글로벌 표준 및 프로세스를 준수하며 프로젝트 효율성과 품질 향상 추진   고객 니즈와 프로젝트 역량을 조율하며 변경 요청 검토 및 관리   영어 회의를 포함한 고객 미팅 팀 미팅 주관 및 진행   다양한 과제를 동시에 관리하며, 변화하는 프로젝트 환경에 유연하게 대응"
사람인,자율주행,실외(outdoor) 자율주행 로봇 플랫폼 SW (ROS2) 개발 팀원 모집,(주)모빌에이트,https://www.saramin.co.kr/zf_user/jobs/relay/view?view_type=search&rec_idx=51716076&location=ts&searchword=%EC%9E%90%EC%9C%A8%EC%A3%BC%ED%96%89&searchType=search&paid_fl=n&search_uuid=deba3066-1d2e-42bd-ae55-a07cf22b1232,
사람인,자율주행,실외 자율주행(자재이송) 로봇 플랫폼 SW (ROS2) 개발 팀원 채용,(주)모빌에이트,https://www.saramin.co.kr/zf_user/jobs/relay/view?view_type=search&rec_idx=51769642&location=ts&searchword=%EC%9E%90%EC%9C%A8%EC%A3%BC%ED%96%89&searchType=search&paid_fl=n&search_uuid=deba3066-1d2e-42bd-ae55-a07cf22b1232,
사람인,자율주행,[에스유엠] 자율주행/원격주행 운영 및 시스템 관리 요원 모집,(주)에스유엠,https://www.saramin.co.kr/zf_user/jobs/relay/view?view_type=search&rec_idx=51615707&location=ts&searchword=%EC%9E%90%EC%9C%A8%EC%A3%BC%ED%96%89&searchType=search&paid_fl=n&search_uuid=deba3066-1d2e-42bd-ae55-a07cf22b1232,"자율주행 차량 운영 및 데이터 관리  자율주행 관련 알고리즘 최적화 작업 진행 및 테스트  차량 관리 및 승객 대응  1 종 대형면허 소지 필수 사업본부 운영실 부서 소속, 면접 후 결정/연구원 직급으로 함께할 예정이에요."
사람인,자율주행,강릉 자율주행 시스템 오퍼레이터 신입(경력)직원 채용,(주)에스유엠,https://www.saramin.co.kr/zf_user/jobs/relay/view?view_type=search&rec_idx=51741715&location=ts&searchword=%EC%9E%90%EC%9C%A8%EC%A3%BC%ED%96%89&searchType=search&paid_fl=n&search_uuid=deba3066-1d2e-42bd-ae55-a07cf22b1232,자율주행차 운행  자율주행차 운행 데이터 수집  자율주행차 운행 관련 코드수정(Python)  자율주행차 서비스(탑승 및 시승)  운행 관련 문서작성(엑셀 파워포인트 한글 워드) 강원사업파트(강릉시) 부서 소속으로 함께할 예정이에요.
사람인,모빌리티,DnK모빌리티 품질팀 채용 공고,디엔케이모빌리티(주),https://www.saramin.co.kr/zf_user/jobs/relay/view?view_type=search&rec_idx=51832067&location=ts&searchword=%EB%AA%A8%EB%B9%8C%EB%A6%AC%ED%8B%B0&searchType=search&paid_fl=n&search_uuid=dc87cb1d-08ac-476e-a94a-24e95064a5b1,"DnK 모빌리티 품질팀
채용 공고

근무조건 고용형태 : 정규직
급여 : 면접 후 결정
근무지 : 울산 울주군 온산읍 석당길 53 디엔케이모빌리티
근무요일/시간 : 주 5 일(월~금) 08:00~17:00
복지 및 혜택
교육/생활 : 우수사원시상식, 워크샵, 신규 입사자 교육(OJT), 구내식당(사원식당), 사우회(경조사회)
리프레시 : 연차, 여름휴가, 경조휴가제, 창립일휴무
급여제도 : 퇴직연금, 상여금, 4 대 보험
지원금/보험 : 건강검진, 각종 경조사 지원
출퇴근 : 기숙사 운영, 통근버스 운행, 주 40 시간제 시행
조직 문화 : 노조/노사협의회
선물 : 명절선물/귀향비
근무 환경 : 휴게실
채용절차
접수기간 : 2025 08 23 10 시 ~ 2025 09 12 17 시
제출서류 : 사람인 온라인 이력서
접수방법 : 사람인 입사지원

전형절차 : 서류전형 → 1 차면접 → 최종합격
유의사항
입사지원 서류에 허위사실이 발견될 경우, 채용확정 이후라도 채용이 취소될 수 있습니다.
모집분야별로 마감일이 상이할 수 있으니 유의하시길 바랍니다."
사람인,모빌리티,DnK모빌리티 가공생산팀 채용 공고,디엔케이모빌리티(주),https://www.saramin.co.kr/zf_user/jobs/relay/view?view_type=search&rec_idx=51831756&location=ts&searchword=%EB%AA%A8%EB%B9%8C%EB%A6%AC%ED%8B%B0&searchType=search&paid_fl=n&search_uuid=dc87cb1d-08ac-476e-a94a-24e95064a5b1,"DnK 모빌리티 가공생산팀 채용 공고

근무조건 고용형태 : 정규직
급여 : 면접 후 결정
근무지 : 울산 울주군 온산읍 석당길 53 디엔케이모빌리티
근무요일/시간 : 주 5 일(월~금) 08:00~17:00
복지 및 혜택
교육/생활 : 우수사원시상식, 워크샵, 신규 입사자 교육(OJT), 구내식당(사원식당), 사우회(경조사회)
리프레시 : 연차, 여름휴가, 경조휴가제, 창립일휴무
급여제도 : 퇴직연금, 상여금, 4 대 보험
지원금/보험 : 건강검진, 각종 경조사 지원
출퇴근 : 기숙사 운영, 통근버스 운행, 주 40 시간제 시행
조직 문화 : 노조/노사협의회
선물 : 명절선물/귀향비
근무 환경 : 휴게실
채용절차
접수기간 : 2025 08 23 10 시 ~ 2025 09 12 17 시
제출서류 : 사람인 온라인 이력서
접수방법 : 사람인 입사지원

전형절차 : 서류전형 → 1 차면접 → 최종합격
유의사항
입사지원 서류에 허위사실이 발견될 경우, 채용확정 이후라도 채용이 취소될 수 있습니다.
모집분야별로 마감일이 상이할 수 있으니 유의하시길 바랍니다."
사람인,모빌리티,(주)두산 모빌리티 이노베이션 제조업 EHS 담당 계약직 채용,(주)두산모빌리티이노베이션,https://www.saramin.co.kr/zf_user/jobs/relay/view?view_type=search&rec_idx=51835232&location=ts&searchword=%EB%AA%A8%EB%B9%8C%EB%A6%AC%ED%8B%B0&searchType=search&paid_fl=n&search_uuid=dc87cb1d-08ac-476e-a94a-24e95064a5b1,"EHS 연간 계획 수립 및 성과관리  안전, 환경 화재사고 발생시 사고조사 및 재발방지대책 수립  유해요인파악, 평가, 개선 등 안전점검 및 사고 예방활동   중대재해처벌법 법규 대응  협력사 EHS 진단 및 개선 지원, 협의체 운영, 현장점검  온실가스 배출량 산정 및 목표관리제 대응  화학물질 및 환경시설 관리  기타 EHS 관련한 업무"
사람인,모빌리티,[2026 카카오그룹 신입크루 공채-카카오모빌리티],(주)카카오모빌리티,https://www.saramin.co.kr/zf_user/jobs/relay/view?view_type=search&rec_idx=51791038&location=ts&searchword=%EB%AA%A8%EB%B9%8C%EB%A6%AC%ED%8B%B0&searchType=search&paid_fl=n&search_uuid=dc87cb1d-08ac-476e-a94a-24e95064a5b1,치열한 경쟁에서 인사담당자 눈에 띄는 전략 이력서 하이라이트 하러가기
사람인,모빌리티,[모빌리티 R&D] 연구원 채용,두원중공업(주),https://www.saramin.co.kr/zf_user/jobs/relay/view?view_type=search&rec_idx=51804097&location=ts&searchword=%EB%AA%A8%EB%B9%8C%EB%A6%AC%ED%8B%B0&searchType=search&paid_fl=n&search_uuid=dc87cb1d-08ac-476e-a94a-24e95064a5b1,
사람인,모빌리티,[에브리봇모빌리티(주)] 물류 및 AS 경력 채용,에브리봇(주),https://www.saramin.co.kr/zf_user/jobs/relay/view?view_type=search&rec_idx=51839403&location=ts&searchword=%EB%AA%A8%EB%B9%8C%EB%A6%AC%ED%8B%B0&searchType=search&paid_fl=n&search_uuid=dc87cb1d-08ac-476e-a94a-24e95064a5b1,
사람인,모빌리티,서한이노빌리티(주) 모빌리티 기구/전장/SW 각 부문 경력 채용,서한이노빌리티(주),https://www.saramin.co.kr/zf_user/jobs/relay/view?view_type=search&rec_idx=51805418&location=ts&searchword=%EB%AA%A8%EB%B9%8C%EB%A6%AC%ED%8B%B0&searchType=search&paid_fl=n&search_uuid=dc87cb1d-08ac-476e-a94a-24e95064a5b1,"1. 모빌리티 부품의 기구 설계 담당      모빌리티 부품의 기구설계 및 3D 모델링 (CATIA 활용)      설계 도면 작성 및 BOM(자재명세서) 관리     시제품 제작 및 성능 평가 지원     유관 부서(해석, 시험, 생산, 품질, 생기 등)와의 협업을 통한 설계 개선 및 문제 해결     신기술 및 신공법에 대한 기술 검토 및 적용 방안 모색 2. 모빌리티 부품의 전장 부품 개발 담당      모빌리티 및 로봇 전기 회로 설계 및 전기 작업      모터, 모터 드라이버 등 주요 전장 부품 사양 선정 및 평가     하드웨어 검증 및 테스트, 문제점 분석 및 개선     EMI/EMC (전자파 적합성) 대응 설계     신기술 및 신규 부품에 대한 기술 동향 파악 및 적용 검토 3. 모빌리티 소프트웨어 개발 담당      MCU 기반 제어 로직 설계 및 C 언어 기반의 펌웨어 개발     하드웨어 및 소프트웨어 연동 테스트, 성능 검증     관련 문서(설계서, 시험 보고서 등) 작성 및 관리     유관 부서(생기, 품질, 생산 등)와의 협업을 통한 문제 해결 및 기술 지원     CAN, LIN, Ethernet 통신을 활용한 타 ECU 와의 협조 제어 기능 개발 UART, I2C, PWM, ADC 등등       인터페이스를 이용하여 엑츄에이터 제어 및 센서 제어   전동화연구팀 부서 소속, 연구원 직급으로 함께할 예정이에요.Ⅱ."
사람인,모빌리티,[국민대학교] BK21미래자동차모빌리티연구단 행정직원 모집,국민대학교,https://www.saramin.co.kr/zf_user/jobs/relay/view?view_type=search&rec_idx=51830254&location=ts&searchword=%EB%AA%A8%EB%B9%8C%EB%A6%AC%ED%8B%B0&searchType=search&paid_fl=n&search_uuid=dc87cb1d-08ac-476e-a94a-24e95064a5b1,"모집부서인원담당업무국민대학교 미래자동차모빌리티 혁신인재교육연구단 1 명 BK 사업비정산(회계)및 연구비에 관련한 행정 업무세미나 및 교육과정(교과 및 비교과)관리 업무참여인력관리(학사, 진로, 취업 등)업무홈페이지관리 및 성과관리(행사, 홍보 등)등 제반 업무기타 연구단장이 지정하는 업무​2. 응시자격학사 학위 이상 소지자 PC(한글, MS 워드, 엑셀, 파워포인트 등)활용 능숙자 BK21 인재 양성 사업 업무관련자(우대)홈페이지관리 및 디자인관련업무 경력자(우대)산학협력단 및 산학협력 관련 업무 경력자(우대)해외여행에 결격 사유가 없는 자로 남자는 병역필 또는 면제자 3. 급여 및

근무조건 급여:산학협력단 연구지원 인력 인건비 산정기준에 따름(본교 경력에 따라 호봉 조정)근무 시간:주 5 일(월~금) 09:00~17:00(주 40 시간)근무 형태:계약직  근무 평가를 통해 사업기간(2020.09~2027.08)동안 1 년 단위로 연장 가능 매년 직원 근무평가 후 인센티브지급 ​복리 후생 및 지원 사항 4 대 보험 가입 및 매년 1 회 종합건강검진  방학 기간 중 단축근무(09:30~16:00 하계/동계 방학 기간 중) 4. 제출서류(제출 일 기준 3 개월 이내 발급 서류 제출)입사지원서 및 자기소개서(소정 양식) 1 부대학 졸업 및 성적 증명서 1 부(편입자는 전적 대학 졸업 및 성적 증명서 포함)개인정보 수집 이용동의서(소정 양식) 1 부경력증명서 및 자격증 사본(해당자에 한함) 1 부​5. 제출 기한 및 접수 방법제출 기한:2025.09.18.(목) 24:00 접수 방법:이메일 접수(violet1125@kookmin.ac.kr)(우편 및 방문 접수 불가) 메일 제목:“ BK21 미래자동차모빌리티교육연구단지원_성명 ”으로 함 6. 전형 방법 및 일정(일정은 사업단 사정에 따라 변경될 수 있음)1 차 전형:서류심사 2 차 전형:면접심사: 1 차 전형 합격자 개별 전화통지최종 합격자 발표: 2 차 전형 합격자에 한하여 개별 전화통지임용일:협의 후 조정 가능 전형 결과 적격자가 없다고 판단되는 경우 최종합격자가 없을 수 있음 7. 유의 사항 및 문의처 채용 과정에서 응시자의 착오, 오입력 누락, 연락 불가 등으로 인한 불이익에 대한  책임은 전적으로 응시자에게 있습니다.(휴대폰 번호, E mail 정확히 기재) 지원서 및 제출 서류의 내용이 허위로 판명되는 경우 합격 또는 임용을 취소합니다. 면접 및 합격자 발표 일정은 내부사정으로 조정될 수 있습니다. 기타 자세한 사항은 문의 바랍니다.(12:00~13:00 점심시간,주말 제외) 문의:국민대학교 BK21 미래자동차모빌리티사업단 02 910 6808// violet1125@kookmin.ac.kr"
사람인,모빌리티,모빌리티 서비스 개발자 채용,주식회사 하이파킹,https://www.saramin.co.kr/zf_user/jobs/relay/view?view_type=search&rec_idx=51668517&location=ts&searchword=%EB%AA%A8%EB%B9%8C%EB%A6%AC%ED%8B%B0&searchType=search&paid_fl=n&search_uuid=dc87cb1d-08ac-476e-a94a-24e95064a5b1,
사람인,모빌리티,(주)영진모빌리티 회계 경력 채용,(주)영진모빌리티,https://www.saramin.co.kr/zf_user/jobs/relay/view?view_type=search&rec_idx=51817843&location=ts&searchword=%EB%AA%A8%EB%B9%8C%EB%A6%AC%ED%8B%B0&searchType=search&paid_fl=n&search_uuid=dc87cb1d-08ac-476e-a94a-24e95064a5b1,"주요업무 담당업무 자금 및 회계관리 결산, 외부회계 대응  기타 회계관련 업무 기타 필수 사항"
사람인,모빌리티,(주)영진모빌리티 생산관리 사무원 신입/경력 채용,(주)영진모빌리티,https://www.saramin.co.kr/zf_user/jobs/relay/view?view_type=search&rec_idx=51817770&location=ts&searchword=%EB%AA%A8%EB%B9%8C%EB%A6%AC%ED%8B%B0&searchType=search&paid_fl=n&search_uuid=dc87cb1d-08ac-476e-a94a-24e95064a5b1,주요업무 담당업무 생산계획 수립 생산성 분석 및 개선 인원 및 설비 관리 기타 필수 사항
사람인,모빌리티,(주)영진모빌리티 중국법인 생산관리 사무원 경력 채용(현지 채,(주)영진모빌리티,https://www.saramin.co.kr/zf_user/jobs/relay/view?view_type=search&rec_idx=51817748&location=ts&searchword=%EB%AA%A8%EB%B9%8C%EB%A6%AC%ED%8B%B0&searchType=search&paid_fl=n&search_uuid=dc87cb1d-08ac-476e-a94a-24e95064a5b1,주요업무 담당업무 생산계획 수립 생산성 분석 및 개선 인원 및 설비 관리 기타 필수 사항
사람인,모빌리티,(주)영진모빌리티 구매관리 신입 채용,(주)영진모빌리티,https://www.saramin.co.kr/zf_user/jobs/relay/view?view_type=search&rec_idx=51817759&location=ts&searchword=%EB%AA%A8%EB%B9%8C%EB%A6%AC%ED%8B%B0&searchType=search&paid_fl=n&search_uuid=dc87cb1d-08ac-476e-a94a-24e95064a5b1,"주요업무 담당업무 원자재 수불 및 발주관리 자재입출고 관리 고객사 대응 및 그 외 유관업무
기타 필수 사항"
사람인,모빌리티,(주)아이나비 모빌리티 센터 (사무직) 채용,(주)아이나비모빌리티,https://www.saramin.co.kr/zf_user/jobs/relay/view?view_type=search&rec_idx=51649032&location=ts&searchword=%EB%AA%A8%EB%B9%8C%EB%A6%AC%ED%8B%B0&searchType=search&paid_fl=n&search_uuid=dc87cb1d-08ac-476e-a94a-24e95064a5b1,(주)아이나비 모빌리티에서 운영중인 모빌리티 센터에서 근무할 사무직 직원채용   통신사 및 PG 사 가입 & 명의변경 서류 접수 및 처리  일반적 사무업무   물품 발주 및 재고관리  PO 부 부서 소속으로 함께할 예정이에요.
사람인,모빌리티,[KCC오토그룹] KCC모빌리티 임포터사업부 부품팀 재고 관리 담당,케이씨씨모빌리티(주),https://www.saramin.co.kr/zf_user/jobs/relay/view?view_type=search&rec_idx=51827939&location=ts&searchword=%EB%AA%A8%EB%B9%8C%EB%A6%AC%ED%8B%B0&searchType=search&paid_fl=n&search_uuid=dc87cb1d-08ac-476e-a94a-24e95064a5b1,": 부품팀 0 명 자동차 부품 재고관리 자동차 부품 수입통관, 입출고 닛산&인피니티 공식 AS 딜러사 지원 업무 부품 클레임 청구, 정산 기타 자동차 부품 사업 유관 업무"
사람인,모빌리티,[카카오모빌리티] 라스트마일배송 사업기획 담당자,(주)카카오모빌리티,https://www.saramin.co.kr/zf_user/jobs/relay/view?view_type=search&rec_idx=51853548&location=ts&searchword=%EB%AA%A8%EB%B9%8C%EB%A6%AC%ED%8B%B0&searchType=search&paid_fl=n&search_uuid=dc87cb1d-08ac-476e-a94a-24e95064a5b1,시장조사 및 경쟁사 ​분석을 ​통해 ​사업기회를 발굴  정량적/정성적 데이터 ​분석을 통한 ​전략 ​수립  비즈니스 모델 ​수립 및 ​실행 ​계획 수립  전략적 제휴 ​및 파트너십 ​기획 및 실행
사람인,모빌리티,케이지모빌리티울산서비스센터 사무직 모집,케이지모빌리티울산서비스센터(주),https://www.saramin.co.kr/zf_user/jobs/relay/view?view_type=search&rec_idx=51803724&location=ts&searchword=%EB%AA%A8%EB%B9%8C%EB%A6%AC%ED%8B%B0&searchType=search&paid_fl=n&search_uuid=dc87cb1d-08ac-476e-a94a-24e95064a5b1,"A/S(보증,일반,보험) 관리해요  고객 상담 및 일정 관리해요  서비스 예약 및 접수 처리해요  수리 진행 상황 업데이트해요  문서 작성 및 데이터 입력해요"
사람인,모빌리티,프리패스모빌리티 서비스지원팀 업무보조 모집,프리패스모빌리티 주식회사,https://www.saramin.co.kr/zf_user/jobs/relay/view?view_type=search&rec_idx=51840728&location=ts&searchword=%EB%AA%A8%EB%B9%8C%EB%A6%AC%ED%8B%B0&searchType=search&paid_fl=n&search_uuid=dc87cb1d-08ac-476e-a94a-24e95064a5b1,"카카오톡 채널 및 메신저 응대(간단 문의, 안내, 전달)  협력사 고객 커뮤니케이션 로그 정리 및 보고  상품리스트, 계약서, 정산 자료 등 문서 보조 정리  부서 간 전달/이관 업무 지원  기타 선임자 업무 지원"
사람인,모빌리티,[공유모빌리티 No.1 지쿠] 해외법인(태국) Country Head 채용,(주)지바이크,https://www.saramin.co.kr/zf_user/jobs/relay/view?view_type=search&rec_idx=51488825&location=ts&searchword=%EB%AA%A8%EB%B9%8C%EB%A6%AC%ED%8B%B0&searchType=search&paid_fl=n&search_uuid=dc87cb1d-08ac-476e-a94a-24e95064a5b1,"Mission⁃ 태국법인을 EBIT 흑자 법인으로 전환하고, 본사의 문화와 일하는 방식을 법인 전반에 정착시키기 Outcomes⁃ 2026 년 태국법인 매출 총액 3 천 5 백만바트 이상 달성하기⁃ 1 년내 태국법인의 월별 P&L 에서 EBITDA 흑자를 최소 3 개월 이상 달성하고, 2026 년 EBIT 흑자 전환시키기⁃ 6 개월 이내 수평적인 조직 문화 정착시키기 (직급에 따른 겸상 조차 하지 않는 문화 타파하기)Competencies⁃ 비용 효율적인 법인 운영⁃ 정직하고 투명한 법인 매출 및 자금 운영⁃ 공격적인 법인 운영을 통해 새로운 아이디어를 빠르게 테스트 하고 발전시켜 나갈 수 있는 사람⁃ 분석적인 역량을 통해 단순히 감이 아닌 숫자에 기반한 의사결정을 할 수 있는 사람⁃ 현장직과 사무직의 차이를 두지 않고 철저히 역량에 기반한 조직 운영을 할 수 있는 사람⁃ Get your hands dirty 라는 말의 의미를 이해하고 실행할 수 있는 사람 태국법인 부서 소속으로 함께할 예정이에요."
사람인,모빌리티,(주)프라코 중앙기술연구소 연구원모집(에어모빌리티추진Lab),(주)프라코,https://www.saramin.co.kr/zf_user/jobs/relay/view?view_type=search&rec_idx=51533843&location=ts&searchword=%EB%AA%A8%EB%B9%8C%EB%A6%AC%ED%8B%B0&searchType=search&paid_fl=n&search_uuid=dc87cb1d-08ac-476e-a94a-24e95064a5b1,
사람인,모빌리티,25년도 모빌리티 UX 디자이너 경력 채용,(주)스페이드컴퍼니,https://www.saramin.co.kr/zf_user/jobs/relay/view?view_type=search&rec_idx=51827132&location=ts&searchword=%EB%AA%A8%EB%B9%8C%EB%A6%AC%ED%8B%B0&searchType=search&paid_fl=n&search_uuid=dc87cb1d-08ac-476e-a94a-24e95064a5b1,
사람인,모빌리티,[에브리봇모빌리티(주)] 영업팀 경력 채용,에브리봇(주),https://www.saramin.co.kr/zf_user/jobs/relay/view?view_type=search&rec_idx=51835583&location=ts&searchword=%EB%AA%A8%EB%B9%8C%EB%A6%AC%ED%8B%B0&searchType=search&paid_fl=n&search_uuid=dc87cb1d-08ac-476e-a94a-24e95064a5b1,
사람인,모빌리티,포항 포스코모빌리티솔루션 내 제품포장직 근무자,(주)교하산업,https://www.saramin.co.kr/zf_user/jobs/relay/view?view_type=search&rec_idx=51707060&location=ts&searchword=%EB%AA%A8%EB%B9%8C%EB%A6%AC%ED%8B%B0&searchType=search&paid_fl=n&search_uuid=dc87cb1d-08ac-476e-a94a-24e95064a5b1,"코일(냉연, 열연) 제품 포장 생산업무"
사람인,모빌리티,"[AI 로보틱스, 모빌리티 플랫폼] 기구설계 메카트로닉스 개발",(주)인티그리트,https://www.saramin.co.kr/zf_user/jobs/relay/view?view_type=search&rec_idx=51578168&location=ts&searchword=%EB%AA%A8%EB%B9%8C%EB%A6%AC%ED%8B%B0&searchType=search&paid_fl=n&search_uuid=dc87cb1d-08ac-476e-a94a-24e95064a5b1,"(주)인티그리트
AI 로보틱스, 모빌리티 플랫폼
기구설계 메카트로닉스 개발
다음과 같이 유능한 인재를 채용합니다.
미래를 함께 이끌어나갈 분들의 많은 관심과 지원 바랍니다.

모집부문 

모집부문 담당업무

자격요건 모집인원
기구설계 고성능 자율주행 로봇 3D 기구 설계
차세대 지능로봇 로봇,
스마트 모빌리티 설계와 개발
구동과 제어, 메카트로닉스 설계와 개발
구조, 동역학 설계 및 설계 데이터 관리
경력 : 경력 1 년 이상
메카트로닉스 설계 경험자 우대	0 명

근무조건 근무형태 : 정규직(수습기간) 1 개월
근무지역 : (06156) 서울 강남구 삼성로 547 Bk Tower 5 층(삼성동) 서울 9 호선 삼성중앙에서 500m 이내
채용절차
접수기간 및 방법
접수기간 : 2025 년 05 월 31 일 마감
접수방법 : 사람인 입사지원
이력서양식 : 사람인 온라인 이력서
유의사항
입사지원 서류에 허위사실이 발견될 경우, 채용확정 이후라도 채용이 취소될 수 있습니다."
사람인,모빌리티,신재생에너지 발전 및 모빌리티 서비스플랫폼 개발자,(주)퍼스트씨앤디,https://www.saramin.co.kr/zf_user/jobs/relay/view?view_type=search&rec_idx=51666416&location=ts&searchword=%EB%AA%A8%EB%B9%8C%EB%A6%AC%ED%8B%B0&searchType=search&paid_fl=n&search_uuid=dc87cb1d-08ac-476e-a94a-24e95064a5b1,"신재생에너지 발전 및 모빌리티 서비스 플랫폼 설계 및 개발 (AWS 클라우드 개발경험 우대)  신재생에너지 발전 및 모빌리티 운영 서비스 플랫폼 데이터베이스 분석 및 유지보수(AWS 클라우드)  신재생에너지 발전 및 모빌리티 서비스플랫폼 개발자 관리 및 총괄(AWS 클라우드 개발경험 우대)  정보처리기사(유사분야) 자격증 소지자 개발 서비스팀 부서 소속, 면접 후 결정 직급으로 함께할 예정이에요."
사람인,모빌리티,미래 항공 모빌리티 디자이너,에어빌리티(주),https://www.saramin.co.kr/zf_user/jobs/relay/view?view_type=search&rec_idx=51596046&location=ts&searchword=%EB%AA%A8%EB%B9%8C%EB%A6%AC%ED%8B%B0&searchType=search&paid_fl=n&search_uuid=dc87cb1d-08ac-476e-a94a-24e95064a5b1,"미래 항공 모빌리티 디자인 및 3D 데이터(alias) 모델링  비행 임무장비 디자인 및 3D 데이터(alias) 모델링  key shot 기반의 3D 렌더링 및 애니메이션 제작을 통한 시각화 업무  목업 제작을 위한 데이터 작업, 3D 프린팅, 제작 업체 협업 및 제작 관리"
사람인,모빌리티,보그워너모빌리티코리아 자재팀 계약직 채용공고,서한워너터보시스템즈(유),https://www.saramin.co.kr/zf_user/jobs/relay/view?view_type=search&rec_idx=51753110&location=ts&searchword=%EB%AA%A8%EB%B9%8C%EB%A6%AC%ED%8B%B0&searchType=search&paid_fl=n&search_uuid=dc87cb1d-08ac-476e-a94a-24e95064a5b1,주요업무
사람인,모빌리티,[카네비모빌리티] BSP/Platform Driver 채용,(주)카네비모빌리티,https://www.saramin.co.kr/zf_user/jobs/relay/view?view_type=search&rec_idx=51850993&location=ts&searchword=%EB%AA%A8%EB%B9%8C%EB%A6%AC%ED%8B%B0&searchType=search&paid_fl=n&search_uuid=dc87cb1d-08ac-476e-a94a-24e95064a5b1,"Hardware 회로 ​분석 ​및 리뷰  Embedded Linux ​/ Android ​기반 ​플랫폼 개발  BSP ​및 디바이스 드라이버 ​개발  H/W bring up ​및 ​커널 ​포팅  Android ​플랫폼 포팅 ​(AOSP,HAL, ​Framework)  Audio/Video, Display, ​Touch ​등 드라이버 개발  Yocto ​기반 Linux BSP 개발 및 커널 모듈 개발  통신 모듈 (Wi Fi, LTE/5G, GNSS, DSRC, V2X) 개발  Secure Boot, OTA, Diagnostics 기능 개발"
사람인,모빌리티,DnK모빌리티 부품개발팀 관리자 책임급 모집(경력 10년 이상),디엔케이모빌리티(주),https://www.saramin.co.kr/zf_user/jobs/relay/view?view_type=search&rec_idx=51711285&location=ts&searchword=%EB%AA%A8%EB%B9%8C%EB%A6%AC%ED%8B%B0&searchType=search&paid_fl=n&search_uuid=dc87cb1d-08ac-476e-a94a-24e95064a5b1,"DnK 모빌리티 부품개발팀 관리자 책임급 모집
(경력 10 년 이상)

근무조건 고용형태 : 정규직
급여 : 면접 후 결정
근무지 : 울산 울주군 온산읍 석당길 53 디엔케이모빌리티
근무요일/시간 : 주 5 일(월~금) 08:00~17:00
복지 및 혜택
교육/생활 : 우수사원시상식, 워크샵, 신규 입사자 교육(OJT), 구내식당(사원식당), 사우회(경조사회)
리프레시 : 연차, 여름휴가, 경조휴가제, 창립일휴무
급여제도 : 퇴직연금, 상여금, 4 대 보험
지원금/보험 : 건강검진, 각종 경조사 지원
출퇴근 : 기숙사 운영, 통근버스 운행, 주 40 시간제 시행
조직 문화 : 노조/노사협의회
선물 : 명절선물/귀향비
근무 환경 : 휴게실
채용절차
접수기간 : 2025 09 01 18 시 ~ 2025 10 01 24 시
제출서류 : 사람인 온라인 이력서
접수방법 : 사람인 입사지원

전형절차 : 서류전형 → 1 차면접 → 최종합격
유의사항
입사지원 서류에 허위사실이 발견될 경우, 채용확정 이후라도 채용이 취소될 수 있습니다."
사람인,모빌리티,DnK모빌리티 보전팀 채용 공고,디엔케이모빌리티(주),https://www.saramin.co.kr/zf_user/jobs/relay/view?view_type=search&rec_idx=51491072&location=ts&searchword=%EB%AA%A8%EB%B9%8C%EB%A6%AC%ED%8B%B0&searchType=search&paid_fl=n&search_uuid=dc87cb1d-08ac-476e-a94a-24e95064a5b1,"DnK 모빌리티 보전팀
채용 공고

근무조건 고용형태 : 정규직(수습 3 개월)
급여 : 면접 후 결정
근무지 : 울산 울주군 온산읍 석당길 53 디엔케이모빌리티
근무요일/시간 : 주 5 일(월~금) 08:00~17:00
채용절차
접수기간 : 2025 08 06 18 시 ~ 2025 08 22 17 시
제출서류 : 사람인 온라인 이력서
접수방법 : 사람인 입사지원

전형절차 : 서류전형 → 1 차면접 → 최종합격
유의사항
입사지원 서류에 허위사실이 발견될 경우, 채용확정 이후라도 채용이 취소될 수 있습니다.
모집분야별로 마감일이 상이할 수 있으니 유의하시길 바랍니다."
